Gender,Nationality,Refugee Status,Disability status,Youth (18-35),Program Name,Sponsorship Type,Graduation Date,Cohort,Education Level,Placement Status,Graduation Year,Graduation Month
Female,Ugandan,No,No,Yes,Product Design (UX/UI),10X Scholarship,2025-06-26,Feb 2025,Bachelor's Degree,Employed,2025,6
Female,Ugandan,No,No,Yes,Product Design (UX/UI),10X Scholarship,2025-06-26,Feb 2025,Bachelor's Degree,Employed,2025,6
Female,Ugandan,No,No,Yes,Product Design (UX/UI),10X Scholarship,2025-06-26,Feb 2025,Bachelor's Degree,Employed,2025,6
Female,Ugandan,No,No,Yes,Product Design (UX/UI),10X Scholarship,2025-06-26,Feb 2025,Certificate,Employed,2025,6
Female,Ugandan,No,No,Yes,Product Design (UX/UI),10X Scholarship,2025-06-26,Feb 2025,Bachelor's Degree,Employed,2025,6
Female,Ugandan,No,No,Yes,Product Design (UX/UI),Self-sponsored,2025-06-26,Feb 2025,UACE,Employed,2025,6
Female,Ugandan,No,No,Yes,Product Design (UX/UI),10X Scholarship,2025-06-26,Feb 2025,UACE,Employed,2025,6
Female,Ugandan,No,No,Yes,Product Design (UX/UI),10X Scholarship,2025-06-26,Feb 2025,UACE,Employed,2025,6
Female,Ugandan,No,No,Yes,Product Design (UX/UI),Self-sponsored,2025-06-26,Feb 2025,Diploma,Employed,2025,6
Female,Ugandan,No,No,Yes,Product Design (UX/UI),10X Scholarship,2025-06-26,Feb 2025,Bachelor's Degree,Employed,2025,6
Female,Ugandan,No,No,Yes,Product Management,10X Scholarship,2025-06-26,Feb 2025,Bachelor's Degree,Employed,2025,6
Female,Ugandan,No,No,Yes,Product Management,10X Scholarship,2025-06-26,Feb 2025,Bachelor's Degree,Employed,2025,6
Female,Ugandan,No,No,Yes,Product Management,10X Scholarship,2025-06-26,Feb 2025,UACE,Employed,2025,6
Female,Ugandan,No,No,Yes,Product Management,10X Scholarship,2025-06-26,Feb 2025,Bachelor's Degree,Employed,2025,6
Female,Ugandan,No,No,Yes,Product Management,10X Scholarship,2025-06-26,Feb 2025,Bachelor's Degree,Employed,2025,6
Female,Ugandan,No,No,Yes,Product Management,10X Scholarship,2025-06-26,Feb 2025,Bachelor's Degree,Employed,2025,6
Female,Ugandan,No,No,Yes,Product Management,10X Scholarship,2025-06-26,Feb 2025,Bachelor's Degree,Employed,2025,6
Male,Ugandan,No,No,Yes,Product Management,Self-sponsored,2025-06-26,Feb 2025,Bachelor's Degree,Employed,2025,6
Female,Ugandan,No,No,Yes,Product Management,10X Scholarship,2025-06-26,Feb 2025,Bachelor's Degree,Employed,2025,6
Female,Ugandan,No,No,Yes,Product Management,10X Scholarship,2025-06-26,Feb 2025,UACE,Employed,2025,6
Female,Ugandan,No,No,Yes,Product Management,10X Scholarship,2025-06-26,Feb 2025,Certificate,Employed,2025,6
Female,Ugandan,No,No,Yes,Product Management,10X Scholarship,2025-06-26,Feb 2025,Diploma,Employed,2025,6
Female,Ugandan,No,No,Yes,Product Management,10X Scholarship,2025-06-26,Feb 2025,Diploma,Employed,2025,6
Female,Ugandan,No,No,Yes,Product Management,10X Scholarship,2025-06-26,Feb 2025,Bachelor's Degree,Employed,2025,6
Male,Ugandan,No,No,Yes,Product Management,Self-sponsored,2025-06-26,Feb 2025,Bachelor's Degree,Employed,2025,6
Female,Ugandan,No,No,Yes,Product Management,10X Scholarship,2025-06-26,Feb 2025,Bachelor's Degree,Employed,2025,6
Female,Ugandan,No,No,Yes,Product Management,10X Scholarship,2025-06-26,Feb 2025,Bachelor's Degree,Employed,2025,6
Male,Ugandan,No,No,Yes,Product Management,Self-sponsored,2025-06-26,Feb 2025,Bachelor's Degree,Open to work,2025,6
Female,Ugandan,No,No,Yes,Product Management,10X Scholarship,2025-06-26,Feb 2025,Certificate,Employed,2025,6
Female,Ugandan,No,No,Yes,Product Management,10X Scholarship,2025-06-26,Feb 2025,Bachelor's Degree,Employed,2025,6
Male,Ugandan,No,No,Yes,Product Management,Self-sponsored,2025-06-26,Feb 2025,Bachelor's Degree,Employed,2025,6
Male,Congolese,Yes,No,Yes,Product Management,Self-sponsored,2025-06-26,Feb 2025,Master's Degree,Employed,2025,6
Female,Ugandan,No,No,Yes,Product Management,10X Scholarship,2025-06-26,Feb 2025,Bachelor's Degree,Employed,2025,6
Female,Ugandan,No,No,Yes,Product Management,10X Scholarship,2025-06-26,Feb 2025,Certificate,Employed,2025,6
Female,Ugandan,No,No,Yes,Product Management,10X Scholarship,2025-06-26,Feb 2025,Certificate,Employed,2025,6
Female,Ugandan,No,No,Yes,Data Science & ML,10X Scholarship,2025-06-26,Feb 2025,Bachelor's Degree,Employed,2025,6
Female,Ugandan,No,No,Yes,Data Science & ML,10X Scholarship,2025-06-26,Feb 2025,Bachelor's Degree,Employed,2025,6
Male,Ugandan,No,No,Yes,Data Science & ML,Self-sponsored,2025-06-26,Feb 2025,IGCSE,Employed,2025,6
Female,Ugandan,No,No,Yes,Data Science & ML,10X Scholarship,2025-06-26,Feb 2025,Bachelor's Degree,Employed,2025,6
Female,Ugandan,No,No,Yes,Data Science & ML,10X Scholarship,2025-06-26,Feb 2025,UACE,Employed,2025,6
Female,Ugandan,No,No,Yes,Data Science & ML,10X Scholarship,2025-06-26,Feb 2025,Bachelor's Degree,Employed,2025,6
Female,Ugandan,No,No,Yes,Data Science & ML,10X Scholarship,2025-06-26,Feb 2025,Bachelor's Degree,Employed,2025,6
Female,Ugandan,No,No,Yes,Data Science & ML,10X Scholarship,2025-06-26,Feb 2025,Bachelor's Degree,Open to work,2025,6
Female,Ugandan,No,No,Yes,Data Science & ML,10X Scholarship,2025-06-26,Feb 2025,Bachelor's Degree,Employed,2025,6
Male,Ugandan,No,No,Yes,Data Science & ML,Self-sponsored,2025-06-26,Feb 2025,Bachelor's Degree,Employed,2025,6
Female,Ugandan,No,No,Yes,Data Science & ML,10X Scholarship,2025-06-26,Feb 2025,Bachelor's Degree,Employed,2025,6
Female,Ugandan,No,No,Yes,Data Science & ML,10X Scholarship,2025-06-26,Feb 2025,UACE,Employed,2025,6
Male,Ugandan,No,No,Yes,Data Science & ML,Self-sponsored,2025-06-26,Feb 2025,Bachelor's Degree,Employed,2025,6
Female,Ugandan,No,No,Yes,Data Science & ML,10X Scholarship,2025-06-26,Feb 2025,UACE,Open to work,2025,6
Female,Ugandan,No,No,Yes,Data Science & ML,10X Scholarship,2025-06-26,Feb 2025,Bachelor's Degree,Employed,2025,6
Male,Ugandan,No,No,Yes,Data Science & ML,Self-sponsored,2025-06-26,Feb 2025,Diploma,Employed,2025,6
Female,Ugandan,No,No,Yes,Data Science & ML,10X Scholarship,2025-06-26,Feb 2025,Bachelor's Degree,Employed,2025,6
Female,Ugandan,No,No,Yes,Data Science & ML,10X Scholarship,2025-06-26,Feb 2025,Bachelor's Degree,Employed,2025,6
Female,Ugandan,No,No,Yes,Data Science & ML,10X Scholarship,2025-06-26,Feb 2025,Bachelor's Degree,Employed,2025,6
Male,Ugandan,No,No,Yes,Data Science & ML,Self-sponsored,2025-06-26,Feb 2025,Master's Degree,Employed,2025,6
Male,Ugandan,No,No,Yes,Data Science & ML,Self-sponsored,2025-06-26,Feb 2025,UACE,Employed,2025,6
Male,Ugandan,No,No,Yes,Data Science & ML,Self-sponsored,2025-06-26,Feb 2025,Master's Degree,Employed,2025,6
Male,Ugandan,No,No,Yes,Data Science & ML,Self-sponsored,2025-06-26,Feb 2025,Post Graduate Diploma,Employed,2025,6
Male,Ugandan,No,No,Yes,Data Science & ML,Self-sponsored,2025-06-26,Feb 2025,Certificate,Employed,2025,6
Female,Ugandan,No,No,Yes,Data Science & ML,10X Scholarship,2025-06-26,Feb 2025,Bachelor's Degree,Employed,2025,6
Female,Ugandan,No,No,Yes,Data Science & ML,10X Scholarship,2025-06-26,Feb 2025,Bachelor's Degree,Employed,2025,6
Female,Ugandan,No,No,Yes,Data Science & ML,10X Scholarship,2025-06-26,Feb 2025,Bachelor's Degree,Open to work,2025,6
Female,Ugandan,No,No,Yes,Data Science & ML,10X Scholarship,2025-06-26,Feb 2025,Bachelor's Degree,Employed,2025,6
Female,Ugandan,No,No,Yes,Data Science & ML,Self-sponsored,2025-06-26,Feb 2025,Certificate,Employed,2025,6
Female,Ugandan,No,No,Yes,Data Science & ML,10X Scholarship,2025-06-26,Feb 2025,Bachelor's Degree,Employed,2025,6
Female,Ugandan,No,No,Yes,Data Science & ML,Self-sponsored,2025-06-26,Feb 2025,Bachelor's Degree,Employed,2025,6
Female,Ugandan,No,Yes,Yes,Data Science & ML,10X Scholarship,2025-06-26,Feb 2025,Bachelor's Degree,Employed,2025,6
Female,Ugandan,No,No,Yes,Data Science & ML,10X Scholarship,2025-06-26,Feb 2025,Bachelor's Degree,Employed,2025,6
Female,Ugandan,No,No,Yes,Data Science & ML,Self-sponsored,2025-06-26,Feb 2025,Bachelor's Degree,Employed,2025,6
Female,Ugandan,No,No,Yes,Data Science & ML,Self-sponsored,2025-06-26,Feb 2025,Master's Degree,Employed,2025,6
Female,Ugandan,No,No,Yes,Data Science & ML,10X Scholarship,2025-06-26,Feb 2025,Bachelor's Degree,Employed,2025,6
Female,Ugandan,No,No,Yes,Data Science & ML,10X Scholarship,2025-06-26,Feb 2025,Bachelor's Degree,Employed,2025,6
Female,Ugandan,No,No,Yes,Data Science & ML,10X Scholarship,2025-06-26,Feb 2025,Diploma,Employed,2025,6
Male,Ugandan,No,No,Yes,Data Science & ML,Self-sponsored,2025-06-26,Feb 2025,Bachelor's Degree,Employed,2025,6
Male,Ugandan,No,No,Yes,Data Science & ML,Self-sponsored,2025-06-26,Feb 2025,Bachelor's Degree,Employed,2025,6
Female,Ugandan,No,No,Yes,Data Science & ML,10X Scholarship,2025-06-26,Feb 2025,Bachelor's Degree,Employed,2025,6
Female,Ugandan,No,No,Yes,CSE - Javascript,10X Scholarship,2025-06-26,Feb 2025,UACE,Open to work,2025,6
Female,Ugandan,No,No,Yes,CSE - Javascript,10X Scholarship,2025-06-26,Feb 2025,Certificate,Employed,2025,6
Female,Ugandan,No,No,Yes,CSE - Javascript,10X Scholarship,2025-06-26,Feb 2025,UACE,Employed,2025,6
Female,Ugandan,No,No,Yes,CSE - Javascript,10X Scholarship,2025-06-26,Feb 2025,UACE,Employed,2025,6
Female,Ugandan,No,No,Yes,CSE - Javascript,10X Scholarship,2025-06-26,Feb 2025,UCE,Employed,2025,6
Female,Ugandan,No,No,Yes,CSE - Javascript,10X Scholarship,2025-06-26,Feb 2025,Bachelor's Degree,Employed,2025,6
Female,Ugandan,No,No,Yes,CSE - Javascript,10X Scholarship,2025-06-26,Feb 2025,Bachelor's Degree,Employed,2025,6
Female,Ugandan,No,No,Yes,CSE - Javascript,10X Scholarship,2025-06-26,Feb 2025,Bachelor's Degree,Open to work,2025,6
Female,Ugandan,No,No,Yes,CSE - Javascript,10X Scholarship,2025-06-26,Feb 2025,Bachelor's Degree,Open to work,2025,6
Female,Ugandan,No,No,Yes,CSE - Javascript,10X Scholarship,2025-06-26,Feb 2025,UACE,Employed,2025,6
Female,Ugandan,No,No,Yes,CSE - Javascript,10X Scholarship,2025-06-26,Feb 2025,UCE,Open to work,2025,6
Female,Ugandan,No,No,Yes,CSE - Javascript,10X Scholarship,2025-06-26,Feb 2025,Bachelor's Degree,Employed,2025,6
Female,Ugandan,No,No,Yes,CSE - Javascript,10X Scholarship,2025-06-26,Feb 2025,Bachelor's Degree,Employed,2025,6
Female,Ugandan,No,No,Yes,CSE - Javascript,10X Scholarship,2025-06-26,Feb 2025,UACE,Employed,2025,6
Female,Ugandan,No,No,Yes,CSE - Javascript,10X Scholarship,2025-06-26,Feb 2025,UACE,Open to work,2025,6
Female,Ugandan,No,No,Yes,CSE - Javascript,10X Scholarship,2025-06-26,Feb 2025,UACE,Employed,2025,6
Female,Ugandan,No,No,Yes,CSE - Javascript,10X Scholarship,2025-06-26,Feb 2025,Certificate,Employed,2025,6
Male,Ugandan,No,No,Yes,CSE - Javascript,Self-sponsored,2025-06-26,Feb 2025,Diploma,Employed,2025,6
Male,Ugandan,No,No,Yes,CSE - Javascript,Self-sponsored,2025-06-26,Feb 2025,Bachelor's Degree,Open to work,2025,6
Male,Ugandan,No,No,Yes,CSE - Javascript,Self-sponsored,2025-06-26,Feb 2025,Diploma,Employed,2025,6
Male,Ugandan,No,No,Yes,CSE - Javascript,Self-sponsored,2025-06-26,Feb 2025,UACE,Employed,2025,6
Male,Ugandan,No,No,Yes,CSE - Javascript,Self-sponsored,2025-06-26,Feb 2025,Bachelor's Degree,Open to work,2025,6
Female,Ugandan,No,No,Yes,CSE - Python,10X Scholarship,2025-06-26,Feb 2025,UACE,Employed,2025,6
Female,Ugandan,No,No,Yes,CSE - Python,10X Scholarship,2025-06-26,Feb 2025,UACE,Open to work,2025,6
Female,Ugandan,No,No,Yes,CSE - Python,10X Scholarship,2025-06-26,Feb 2025,UACE,Open to work,2025,6
Female,Ugandan,No,No,Yes,CSE - Python,10X Scholarship,2025-06-26,Feb 2025,UACE,Employed,2025,6
Female,Ugandan,No,No,Yes,CSE - Python,10X Scholarship,2025-06-26,Feb 2025,UACE,Open to work,2025,6
Female,Ugandan,No,No,Yes,CSE - Python,10X Scholarship,2025-06-26,Feb 2025,Bachelor's Degree,Employed,2025,6
Female,Ugandan,No,No,Yes,CSE - Python,10X Scholarship,2025-06-26,Feb 2025,Diploma,Open to work,2025,6
Female,Ugandan,No,No,Yes,CSE - Python,10X Scholarship,2025-06-26,Feb 2025,UACE,Employed,2025,6
Female,Ugandan,No,No,Yes,CSE - Python,10X Scholarship,2025-06-26,Feb 2025,UCE,Employed,2025,6
Female,Ugandan,No,No,Yes,CSE - Python,10X Scholarship,2025-06-26,Feb 2025,UACE,Employed,2025,6
Female,Ugandan,No,No,Yes,CSE - Python,10X Scholarship,2025-06-26,Feb 2025,UACE,Employed,2025,6
Female,Ugandan,No,No,Yes,CSE - Python,10X Scholarship,2025-06-26,Feb 2025,UCE,Employed,2025,6
Female,Ugandan,No,No,Yes,CSE - Python,10X Scholarship,2025-06-26,Feb 2025,UACE,Employed,2025,6
Female,Ugandan,No,No,Yes,CSE - Python,10X Scholarship,2025-06-26,Feb 2025,UACE,Employed,2025,6
Female,Ugandan,No,No,Yes,CSE - Python,10X Scholarship,2025-06-26,Feb 2025,Master's Degree,Employed,2025,6
Female,Ugandan,No,No,Yes,CSE - Python,10X Scholarship,2025-06-26,Feb 2025,UACE,Open to work,2025,6
Female,Ugandan,No,No,Yes,CSE - Python,10X Scholarship,2025-06-26,Feb 2025,UACE,Employed,2025,6
Female,Ugandan,No,No,Yes,CSE - Python,10X Scholarship,2025-06-26,Feb 2025,Certificate,Employed,2025,6
Female,Ugandan,No,No,Yes,CSE - Python,10X Scholarship,2025-06-26,Feb 2025,UCE,Open to work,2025,6
Female,Ugandan,No,No,Yes,CSE - Python,10X Scholarship,2025-06-26,Feb 2025,UACE,Employed,2025,6
Female,Ugandan,No,No,Yes,CSE - Python,10X Scholarship,2025-06-26,Feb 2025,UACE,Employed,2025,6
Female,Ugandan,No,No,Yes,CSE - Python,10X Scholarship,2025-06-26,Feb 2025,UCE,Employed,2025,6
Female,Ugandan,No,No,Yes,CSE - Python,10X Scholarship,2025-06-26,Feb 2025,UACE,Employed,2025,6
Female,Ugandan,No,No,Yes,CSE - Python,10X Scholarship,2025-06-26,Feb 2025,Bachelor's Degree,Employed,2025,6
Female,Ugandan,No,No,Yes,CSE - Python,10X Scholarship,2025-06-26,Feb 2025,UACE,Employed,2025,6
Female,Ugandan,No,No,Yes,CSE - Python,10X Scholarship,2025-06-26,Feb 2025,Bachelor's Degree,Employed,2025,6
Male,Ugandan,No,No,Yes,CSE - Python,Self-sponsored,2025-06-26,Feb 2025,Certificate,Employed,2025,6
Male,Ugandan,No,No,Yes,CSE - Python,Self-sponsored,2025-06-26,Feb 2025,UACE,Employed,2025,6
Male,Ugandan,No,No,Yes,CSE - Python,Self-sponsored,2025-06-26,Feb 2025,Bachelor's Degree,Open to work,2025,6
Male,Ugandan,No,No,Yes,CSE - Python,Self-sponsored,2025-06-26,Feb 2025,Certificate,Open to work,2025,6
Male,Ugandan,No,No,Yes,CSE - Python,Self-sponsored,2025-06-26,Feb 2025,Bachelor's Degree,Employed,2025,6
Male,Ugandan,No,No,Yes,CSE - Python,Self-sponsored,2025-06-26,Feb 2025,Certificate,Open to work,2025,6
Male,Ugandan,No,No,Yes,CSE - Python,Self-sponsored,2025-06-26,Feb 2025,UACE,Employed,2025,6
Male,Ugandan,No,No,Yes,CSE - Python,Self-sponsored,2025-06-26,Feb 2025,Certificate,Open to work,2025,6
Female,Ugandan,No,No,Yes,Foundations of Software Development,10X Scholarship,2025-06-26,Feb 2025,Diploma,Employed,2025,6
Female,South Sudanese,Yes,No,Yes,Foundations of Software Development,10X Scholarship,2025-06-26,Feb 2025,Certificate,Open to work,2025,6
Female,Sudanese,Yes,No,Yes,Foundations of Software Development,10X Scholarship,2025-06-26,Feb 2025,Certificate,Open to work,2025,6
Female,Congolese,Yes,No,Yes,Foundations of Software Development,10X Scholarship,2025-06-26,Feb 2025,Certificate,Open to work,2025,6
Female,Eritrean,Yes,No,Yes,Foundations of Software Development,10X Scholarship,2025-06-26,Feb 2025,Certificate,Open to work,2025,6
Female,Congolese,Yes,No,Yes,Foundations of Software Development,10X Scholarship,2025-06-26,Feb 2025,Certificate,Open to work,2025,6
Female,Ugandan,No,No,Yes,Foundations of Software Development,Self-sponsored,2025-06-26,Feb 2025,Unknown,Open to work,2025,6
Male,Ugandan,No,No,Yes,Foundations of Software Development,Self-sponsored,2025-06-26,Feb 2025,UCE,Open to work,2025,6
Female,Ugandan,No,No,Yes,Foundations of Software Development,10X Scholarship,2025-06-26,Feb 2025,Bachelor's Degree,Employed,2025,6
Male,Ugandan,No,No,Yes,Foundations of Software Development,Self-sponsored,2025-06-26,Feb 2025,UCE,Open to work,2025,6
Male,Ugandan,No,No,Yes,Foundations of Software Development,Self-sponsored,2025-06-26,Feb 2025,UACE,Employed,2025,6
Female,Ugandan,No,No,Yes,Foundations of Software Development,10X Scholarship,2025-06-26,Feb 2025,Bachelor's Degree,Open to work,2025,6
Male,Ugandan,No,No,Yes,Foundations of Software Development,Self-sponsored,2025-06-26,Feb 2025,Unknown,Open to work,2025,6
Male,Congolese,Yes,No,Yes,Foundations of Software Development,Self-sponsored,2025-06-26,Feb 2025,Bachelor's Degree,Employed,2025,6
Female,Congolese,Yes,No,Yes,Foundations of Software Development,10X Scholarship,2025-06-26,Feb 2025,UACE,Open to work,2025,6
Female,Ugandan,No,No,Yes,Foundations of Software Development,10X Scholarship,2025-06-26,Feb 2025,Bachelor's Degree,Employed,2025,6
Female,Ugandan,No,No,Yes,Foundations of Software Development,10X Scholarship,2025-06-26,Feb 2025,Certificate,Open to work,2025,6
Female,Ugandan,No,No,Yes,Foundations of Software Development,10X Scholarship,2025-06-26,Feb 2025,UACE,Employed,2025,6
Female,Ugandan,No,No,Yes,Foundations of Software Development,10X Scholarship,2025-06-26,Feb 2025,UACE,Employed,2025,6
Female,Ugandan,No,No,Yes,Foundations of Software Development,10X Scholarship,2025-06-26,Feb 2025,UCE,Employed,2025,6
Female,Ugandan,No,No,Yes,Foundations of Software Development,10X Scholarship,2025-06-26,Feb 2025,UCE,Open to work,2025,6
Female,Ugandan,No,No,Yes,Foundations of Software Development,10X Scholarship,2025-06-26,Feb 2025,UCE,Open to work,2025,6
Female,Congolese,Yes,No,Yes,Foundations of Software Development,10X Scholarship,2025-06-26,Feb 2025,UACE,Open to work,2025,6
Female,Ugandan,No,Yes,Yes,Foundations of Software Development,10X Scholarship,2025-06-26,April 2025,Bachelor's Degree,Employed,2025,6
Female,Kenyan,No,No,Yes,Foundations of Software Development,10X Scholarship,2025-06-26,April 2025,KSCE,Open to work,2025,6
Male,Sudanese,Yes,No,Yes,Foundations of Software Development,10X Scholarship,2025-06-26,April 2025,Certificate,Employed,2025,6
Female,Congolese,Yes,No,Yes,Foundations of Software Development,10X Scholarship,2025-06-26,April 2025,UACE,Employed,2025,6
Female,Ugandan,No,No,Yes,Foundations of Software Development,10X Scholarship,2025-06-26,April 2025,UCE,Open to work,2025,6
Female,Burundian,Yes,No,Yes,Foundations of Software Development,10X Scholarship,2025-06-26,April 2025,UACE,Employed,2025,6
Female,Congolese,Yes,No,Yes,Foundations of Software Development,10X Scholarship,2025-06-26,April 2025,Diploma,Employed,2025,6
Female,Ugandan,No,Yes,Yes,Foundations of Software Development,10X Scholarship,2025-06-26,April 2025,Bachelor's Degree,Employed,2025,6
Female,Congolese,Yes,No,Yes,Foundations of Software Development,10X Scholarship,2025-06-26,April 2025,UACE,Open to work,2025,6
Male,Ugandan,No,No,Yes,Foundations of Software Development,Self-sponsored,2025-06-26,April 2025,UACE,Open to work,2025,6
Female,Congolese,Yes,No,Yes,Foundations of Software Development,10X Scholarship,2025-06-26,April 2025,UACE,Employed,2025,6
Female,Ugandan,No,No,Yes,Foundations of Software Development,10X Scholarship,2025-06-26,April 2025,UACE,Open to work,2025,6
Female,Ugandan,No,No,Yes,Foundations of Software Development,10X Scholarship,2025-06-26,April 2025,Bachelor's Degree,Employed,2025,6
Female,Ugandan,No,No,Yes,Foundations of Software Development,10X Scholarship,2025-06-26,April 2025,Diploma,Employed,2025,6
Female,Ugandan,No,No,Yes,Foundations of Software Development,10X Scholarship,2025-06-26,April 2025,UACE,Open to work,2025,6
Female,Ugandan,No,No,Yes,Foundations of Software Development,10X Scholarship,2025-06-26,April 2025,Diploma,Employed,2025,6
Female,Ugandan,No,No,Yes,Foundations of Software Development,10X Scholarship,2025-06-26,April 2025,UACE,Employed,2025,6
Female,Ugandan,No,No,Yes,Foundations of Software Development,10X Scholarship,2025-06-26,April 2025,Certificate,Employed,2025,6
Female,Ugandan,No,No,Yes,Foundations of Software Development,10X Scholarship,2025-06-26,April 2025,Master's Degree,Employed,2025,6
Female,Sudanese,Yes,No,Yes,Foundations of Software Development,10X Scholarship,2025-06-26,April 2025,Bachelor's Degree,Open to work,2025,6
Female,Ugandan,No,No,Yes,Foundations of Software Development,10X Scholarship,2025-06-26,April 2025,UCE,Open to work,2025,6
Female,Ugandan,No,No,Yes,Foundations of Software Development,10X Scholarship,2025-06-26,April 2025,UACE,Open to work,2025,6
Female,Ugandan,No,No,Yes,Foundations of Software Development,10X Scholarship,2025-06-26,April 2025,UACE,Open to work,2025,6
Female,Ugandan,No,No,Yes,Foundations of Software Development,10X Scholarship,2025-06-26,April 2025,Certificate,Open to work,2025,6
Female,Ugandan,No,Yes,Yes,Foundations of Software Development,10X Scholarship,2025-12-11,May Special Cohort,Bachelor's Degree,Employed,2025,12
Female,Ugandan,No,Yes,Yes,Foundations of Software Development,10X Scholarship,2025-12-11,May Special Cohort,UCE,Employed,2025,12
Female,Ugandan,No,Yes,Yes,Foundations of Software Development,10X Scholarship,2025-12-11,May Special Cohort,UCE,Employed,2025,12
Female,Ugandan,No,Yes,Yes,Foundations of Software Development,10X Scholarship,2025-12-11,May Special Cohort,Bachelor's Degree,Open to work,2025,12
Female,Ugandan,No,Yes,Yes,Foundations of Software Development,10X Scholarship,2025-12-11,May Special Cohort,Bachelor's Degree,Open to work,2025,12
Female,Ugandan,No,Yes,Yes,Foundations of Software Development,10X Scholarship,2025-12-11,May Special Cohort,UCE,Open to work,2025,12
Female,Ugandan,No,Yes,Yes,Foundations of Software Development,10X Scholarship,2025-12-11,May Special Cohort,UACE,Employed,2025,12
Female,Ugandan,No,Yes,Yes,Foundations of Software Development,10X Scholarship,2025-12-11,May Special Cohort,UCE,Employed,2025,12
Female,Ugandan,No,Yes,Yes,Foundations of Software Development,10X Scholarship,2025-12-11,June 2025,UACE,Open to work,2025,12
Female,Ugandan,No,No,Yes,Foundations of Software Development,10X Scholarship,2025-12-11,June 2025,Certificate,Open to work,2025,12
Female,Ugandan,No,No,Yes,Foundations of Software Development,10X Scholarship,2025-12-11,June 2025,Bachelor's Degree,Open to work,2025,12
Female,Ugandan,No,No,Yes,Foundations of Software Development,10X Scholarship,2025-12-11,June 2025,UACE,Open to work,2025,12
Female,Ugandan,No,No,Yes,Foundations of Software Development,10X Scholarship,2025-12-11,June 2025,UACE,Employed,2025,12
Female,Ugandan,No,No,Yes,Foundations of Software Development,10X Scholarship,2025-12-11,June 2025,Diploma,Employed,2025,12
Female,Ugandan,No,No,Yes,Foundations of Software Development,10X Scholarship,2025-12-11,June 2025,UACE,Open to work,2025,12
Female,Ugandan,No,No,Yes,Foundations of Software Development,10X Scholarship,2025-12-11,June 2025,Bachelor's Degree,Employed,2025,12
Female,Ugandan,No,No,Yes,Foundations of Software Development,10X Scholarship,2025-12-11,June 2025,Bachelor's Degree,Employed,2025,12
Female,Ugandan,No,No,Yes,Foundations of Software Development,10X Scholarship,2025-12-11,June 2025,Bachelor's Degree,Employed,2025,12
Female,Ugandan,No,No,Yes,Foundations of Software Development,10X Scholarship,2025-12-11,June 2025,Bachelor's Degree,Employed,2025,12
Female,Ugandan,No,No,Yes,Foundations of Software Development,10X Scholarship,2025-12-11,June 2025,Bachelor's Degree,Employed,2025,12
Female,Ugandan,No,No,Yes,Foundations of Software Development,10X Scholarship,2025-12-11,June 2025,Bachelor's Degree,Employed,2025,12
Female,Ugandan,No,No,Yes,Foundations of Software Development,10X Scholarship,2025-12-11,June 2025,UCE,Open to work,2025,12
Female,Ugandan,No,No,Yes,Foundations of Software Development,10X Scholarship,2025-12-11,June 2025,Certificate,Open to work,2025,12
Female,Somali,Yes,No,Yes,Foundations of Software Development,10X Scholarship,2025-12-11,June 2025,UACE,Open to work,2025,12
Female,Ugandan,No,No,Yes,Foundations of Software Development,10X Scholarship,2025-12-11,June 2025,Certificate,Open to work,2025,12
Female,Somali,Yes,No,Yes,Foundations of Software Development,10X Scholarship,2025-12-11,June 2025,Certificate,Open to work,2025,12
Female,Somali,Yes,No,Yes,Foundations of Software Development,10X Scholarship,2025-12-11,June 2025,UCE,Open to work,2025,12
Female,Ugandan,No,No,Yes,Foundations of Software Development,10X Scholarship,2025-12-11,June 2025,Bachelor's Degree,Employed,2025,12
Female,Ugandan,No,No,Yes,Foundations of Software Development,10X Scholarship,2025-12-11,June 2025,UACE,Employed,2025,12
Female,Ugandan,No,No,Yes,Foundations of Software Development,10X Scholarship,2025-12-11,June 2025,Certificate,Open to work,2025,12
Female,Ugandan,No,No,Yes,Foundations of Software Development,10X Scholarship,2025-12-11,June 2025,Certificate,Employed,2025,12
Female,Ugandan,No,No,Yes,Foundations of Software Development,10X Scholarship,2025-12-11,June 2025,Bachelor's Degree,Open to work,2025,12
Female,Ugandan,No,No,Yes,Foundations of Software Development,10X Scholarship,2025-12-11,June 2025,UACE,Open to work,2025,12
Female,Ugandan,No,No,Yes,Foundations of Software Development,10X Scholarship,2025-12-11,June 2025,UCE,Open to work,2025,12
Female,Ugandan,No,No,Yes,Foundations of Software Development,10X Scholarship,2025-12-11,June 2025,UACE,Open to work,2025,12
Female,Ugandan,No,No,Yes,Foundations of Software Development,10X Scholarship,2025-12-11,June 2025,Bachelor's Degree,Open to work,2025,12
Female,Ugandan,No,No,Yes,Foundations of Software Development,10X Scholarship,2025-12-11,June 2025,UCE,Open to work,2025,12
Female,Ugandan,No,No,Yes,Foundations of Software Development,10X Scholarship,2025-12-11,June 2025,Bachelor's Degree,Employed,2025,12
Female,Ugandan,No,No,Yes,Foundations of Software Development,10X Scholarship,2025-12-11,June 2025,Bachelor's Degree,Employed,2025,12
Female,Ugandan,No,No,Yes,Foundations of Software Development,10X Scholarship,2025-12-11,June 2025,UACE,Open to work,2025,12
Female,Ugandan,No,No,Yes,Foundations of Software Development,10X Scholarship,2025-12-11,June 2025,Bachelor's Degree,Employed,2025,12
Female,Somali,Yes,No,Yes,Foundations of Software Development,10X Scholarship,2025-12-11,July 2025,Certificate,Open to work,2025,12
Female,Ugandan,No,No,Yes,Foundations of Software Development,10X Scholarship,2025-12-11,July 2025,UACE,Employed,2025,12
Female,Ugandan,No,No,Yes,Foundations of Software Development,10X Scholarship,2025-12-11,July 2025,UACE,Open to work,2025,12
Female,Ugandan,No,No,Yes,Foundations of Software Development,10X Scholarship,2025-12-11,July 2025,UCE,Employed,2025,12
Female,Ugandan,No,No,Yes,Foundations of Software Development,10X Scholarship,2025-12-11,July 2025,UACE,Open to work,2025,12
Female,Somali,Yes,No,Yes,Foundations of Software Development,10X Scholarship,2025-12-11,July 2025,Certificate,Open to work,2025,12
Female,Ugandan,No,No,Yes,Foundations of Software Development,10X Scholarship,2025-12-11,July 2025,Bachelor's Degree,Employed,2025,12
Female,Ugandan,No,Yes,Yes,Foundations of Software Development,10X Scholarship,2025-12-11,July 2025,Bachelor's Degree,Employed,2025,12
Female,Somali,Yes,No,Yes,Foundations of Software Development,10X Scholarship,2025-12-11,July 2025,UCE,Open to work,2025,12
Female,Ugandan,No,No,Yes,Foundations of Software Development,10X Scholarship,2025-12-11,July 2025,UCE,Open to work,2025,12
Female,Ugandan,No,No,Yes,Foundations of Software Development,10X Scholarship,2025-12-11,July 2025,UACE,Open to work,2025,12
Female,Ugandan,No,No,Yes,Foundations of Software Development,10X Scholarship,2025-12-11,July 2025,UACE,Open to work,2025,12
Female,Ugandan,No,No,Yes,Foundations of Software Development,10X Scholarship,2025-12-11,July 2025,UACE,Employed,2025,12
Female,Ugandan,No,No,Yes,Foundations of Software Development,10X Scholarship,2025-12-11,July 2025,UACE,Employed,2025,12
Female,Somali,Yes,No,Yes,Foundations of Software Development,10X Scholarship,2025-12-11,July 2025,UCE,Open to work,2025,12
Female,Ugandan,No,No,Yes,Foundations of Software Development,10X Scholarship,2025-12-11,July 2025,UCE,Open to work,2025,12
Female,Ugandan,No,No,Yes,Foundations of Software Development,10X Scholarship,2025-12-11,July 2025,UACE,Open to work,2025,12
Female,Ugandan,No,No,Yes,Foundations of Software Development,10X Scholarship,2025-12-11,July 2025,UACE,Open to work,2025,12
Female,Ugandan,No,No,Yes,Foundations of Software Development,10X Scholarship,2025-12-11,July 2025,UACE,Employed,2025,12
Female,Ugandan,No,No,Yes,Foundations of Software Development,10X Scholarship,2025-12-11,July 2025,Bachelor's Degree,Employed,2025,12
Female,Ugandan,No,No,Yes,Foundations of Software Development,10X Scholarship,2025-12-11,July 2025,Certificate,Open to work,2025,12
Female,Ugandan,No,No,Yes,Foundations of Software Development,10X Scholarship,2025-12-11,July 2025,Bachelor's Degree,Employed,2025,12
Female,Ugandan,No,No,Yes,Foundations of Software Development,10X Scholarship,2025-12-11,July 2025,UACE,Employed,2025,12
Female,Somali,Yes,No,Yes,Foundations of Software Development,10X Scholarship,2025-12-11,July 2025,Certificate,Open to work,2025,12
Female,Ugandan,No,No,Yes,Foundations of Software Development,10X Scholarship,2025-12-11,July 2025,Diploma,Open to work,2025,12
Female,Ugandan,No,No,Yes,Foundations of Software Development,10X Scholarship,2025-12-11,July 2025,Bachelor's Degree,Employed,2025,12
Female,Ugandan,No,No,Yes,Foundations of Software Development,10X Scholarship,2025-12-11,July 2025,Certificate,Open to work,2025,12
Female,Ugandan,No,No,Yes,Foundations of Software Development,10X Scholarship,2025-12-11,July 2025,UACE,Employed,2025,12
Female,Ugandan,No,No,Yes,Foundations of Software Development,10X Scholarship,2025-12-11,July 2025,Certificate,Open to work,2025,12
Female,Ugandan,No,No,Yes,Foundations of Software Development,10X Scholarship,2025-12-11,July 2025,Certificate,Employed,2025,12
Female,Ugandan,No,No,Yes,Foundations of Software Development,10X Scholarship,2025-12-11,July 2025,UCE,Open to work,2025,12
Female,Ugandan,No,No,Yes,Foundations of Software Development,10X Scholarship,2025-12-11,July 2025,UACE,Open to work,2025,12
Female,Ugandan,No,No,Yes,Foundations of Software Development,10X Scholarship,2025-12-11,July 2025,UCE,Open to work,2025,12
Female,Ugandan,No,No,Yes,Foundations of Software Development,10X Scholarship,2025-12-11,June 2025,UACE,Open to work,2025,12
Male,Ugandan,No,Yes,Yes,Foundations of Software Development,Self-sponsored,2025-12-11,June 2025,UACE,Employed,2025,12
Male,Ugandan,No,No,Yes,Foundations of Software Development,Self-sponsored,2025-12-11,June 2025,UACE,Employed,2025,12
Female,Ugandan,No,No,Yes,Foundations of Software Development,Self-sponsored,2025-12-11,July 2025,UACE,Employed,2025,12
Female,Ugandan,No,No,Yes,Foundations of Software Development,Self-sponsored,2025-12-11,July 2025,UCE,Open to work,2025,12
Male,Ugandan,No,No,Yes,Foundations of Software Development,Self-sponsored,2025-12-11,July 2025,UACE,Open to work,2025,12
Female,Ugandan,No,No,Yes,Foundations of Software Development,Self-sponsored,2025-12-11,July 2025,UACE,Employed,2025,12
Female,Ugandan,No,No,Yes,CSE - Javascript,10X Scholarship,2025-12-11,May 2025,UACE,Employed,2025,12
Male,Ugandan,No,No,Yes,CSE - Javascript,Self-sponsored,2025-12-11,May 2025,UACE,Employed,2025,12
Female,Ugandan,No,No,Yes,CSE - Javascript,10X Scholarship,2025-12-11,May 2025,UCE,Open to work,2025,12
Female,Ugandan,No,No,Yes,CSE - Javascript,10X Scholarship,2025-12-11,May 2025,UCE,Open to work,2025,12
Female,Ugandan,No,No,Yes,CSE - Javascript,10X Scholarship,2025-12-11,May 2025,UCE,Open to work,2025,12
Female,Ugandan,No,No,Yes,CSE - Javascript,10X Scholarship,2025-12-11,May 2025,UCE,Employed,2025,12
Male,Ugandan,No,Yes,Yes,CSE - Javascript,UNDP Scholarship,2025-12-05,May 2025,UACE,Employed,2025,12
Female,Ugandan,No,No,Yes,CSE - Javascript,UNDP Scholarship,2025-12-05,May 2025,Bachelor's Degree,Open to work,2025,12
Female,Ugandan,No,No,Yes,CSE - Javascript,Self-sponsored,2025-12-11,May 2025,Bachelor's Degree,Employed,2025,12
Male,Congolese,Yes,No,Yes,CSE - Javascript,Self-sponsored,2025-12-11,May 2025,Certificate,Employed,2025,12
Male,Burundian,Yes,No,Yes,CSE - Javascript,Self-sponsored,2025-12-11,May 2025,Certificate,Employed,2025,12
Male,Ugandan,No,No,Yes,CSE - Javascript,Self-sponsored,2025-12-11,May 2025,Bachelor's Degree,Employed,2025,12
Female,Ugandan,No,No,Yes,CSE - Javascript,10X Scholarship,2025-12-11,May 2025,Bachelor's Degree,Employed,2025,12
Male,Ugandan,No,No,Yes,CSE - Javascript,Self-sponsored,2025-12-11,May 2025,Diploma,Employed,2025,12
Female,Ugandan,No,Yes,Yes,CSE - Javascript,10X Scholarship,2025-12-11,May 2025,UACE,Open to work,2025,12
Male,Ugandan,No,No,Yes,CSE - Javascript,Self-sponsored,2025-12-11,May 2025,UACE,Employed,2025,12
Female,Congolese,Yes,No,Yes,CSE - Javascript,10X Scholarship,2025-12-11,May 2025,Bachelor's Degree,Open to work,2025,12
Male,Congolese,Yes,Yes,Yes,CSE - Javascript,UNDP Scholarship,2025-12-05,May 2025,Certificate,Open to work,2025,12
Male,Ugandan,No,No,Yes,CSE - Javascript,UNDP Scholarship,2025-12-05,May 2025,UACE,Open to work,2025,12
Female,Ugandan,No,No,Yes,CSE - Javascript,Self-sponsored,2025-12-11,May 2025,Bachelor's Degree,Employed,2025,12
Male,Ugandan,No,No,Yes,CSE - Javascript,UNDP Scholarship,2025-12-05,May 2025,Bachelor's Degree,Open to work,2025,12
Female,Ugandan,No,No,Yes,CSE - Javascript,10X Scholarship,2025-12-11,May 2025,Bachelor's Degree,Employed,2025,12
Male,Ugandan,No,No,Yes,CSE - Javascript,Self-sponsored,2025-12-11,May 2025,Master's Degree,Employed,2025,12
Female,Ugandan,No,No,Yes,CSE - Javascript,10X Scholarship,2025-12-11,May 2025,UACE,Employed,2025,12
Female,Congolese,Yes,No,Yes,CSE - Javascript,Self-sponsored,2025-12-11,May 2025,UACE,Open to work,2025,12
Male,Ugandan,No,No,Yes,CSE - Python,UNDP Scholarship,2025-12-05,May 2025,Bachelor's Degree,Employed,2025,12
Male,Ugandan,No,No,Yes,CSE - Python,UNDP Scholarship,2025-12-05,May 2025,Certificate,Employed,2025,12
Female,Burundian,Yes,No,Yes,CSE - Python,10X Scholarship,2025-12-11,May 2025,Bachelor's Degree,Employed,2025,12
Female,Ugandan,No,No,Yes,CSE - Javascript,10X Scholarship,2025-12-11,May 2025,Bachelor's Degree,Employed,2025,12
Female,Ugandan,No,No,Yes,CSE - Python,10X Scholarship,2025-12-11,May 2025,Bachelor's Degree,Open to work,2025,12
Male,Ugandan,No,No,Yes,CSE - Python,Self-sponsored,2025-12-11,May 2025,Diploma,Open to work,2025,12
Male,Ugandan,No,No,Yes,CSE - Python,Self-sponsored,2025-12-11,May 2025,UACE,Open to work,2025,12
Female,Ugandan,No,No,Yes,CSE - Python,10X Scholarship,2025-12-11,May 2025,Bachelor's Degree,Employed,2025,12
Female,Ugandan,No,No,Yes,CSE - Python,UNDP Scholarship,2025-12-05,May 2025,UACE,Open to work,2025,12
Female,Ugandan,No,No,Yes,CSE - Python,10X Scholarship,2025-12-11,May 2025,Bachelor's Degree,Employed,2025,12
Male,Ugandan,No,No,Yes,CSE - Python,Self-sponsored,2025-12-11,May 2025,UACE,Open to work,2025,12
Male,Ugandan,No,No,Yes,CSE - Python,UNDP Scholarship,2025-12-05,May 2025,Diploma,Employed,2025,12
Female,Ugandan,No,No,Yes,CSE - Python,Self-sponsored,2025-12-11,May 2025,Bachelor's Degree,Employed,2025,12
Male,Ugandan,No,No,Yes,CSE - Python,Self-sponsored,2025-12-11,May 2025,UACE,Open to work,2025,12
Male,Ugandan,No,No,Yes,CSE - Python,Self-sponsored,2025-12-11,May 2025,Diploma,Employed,2025,12
Male,Ugandan,No,No,Yes,CSE - Python,UNDP Scholarship,2025-12-05,May 2025,Certificate,Employed,2025,12
Female,Ugandan,No,No,Yes,CSE - Python,UNDP Scholarship,2025-12-05,May 2025,Bachelor's Degree,Employed,2025,12
Male,Ugandan,No,No,Yes,Data Science & ML,Self-sponsored,2025-12-11,June 2025,Master's Degree,Employed,2025,12
Female,Ugandan,No,No,Yes,Data Science & ML,10X Scholarship,2025-12-11,June 2025,Bachelor's Degree,Employed,2025,12
Female,Ugandan,No,No,Yes,Data Science & ML,10X Scholarship,2025-12-11,June 2025,UACE,Employed,2025,12
Female,Ugandan,No,No,Yes,Data Science & ML,10X Scholarship,2025-12-11,June 2025,Bachelor's Degree,Employed,2025,12
Female,Ugandan,No,No,Yes,Data Science & ML,10X Scholarship,2025-12-11,June 2025,Bachelor's Degree,Employed,2025,12
Female,Ugandan,No,No,Yes,Data Science & ML,10X Scholarship,2025-12-11,June 2025,UCE,Open to work,2025,12
Female,Ugandan,No,No,Yes,Data Science & ML,10X Scholarship,2025-12-11,June 2025,Bachelor's Degree,Employed,2025,12
Female,Ugandan,No,No,Yes,Data Science & ML,10X Scholarship,2025-12-11,June 2025,Certificate,Employed,2025,12
Female,Ugandan,No,No,Yes,Data Science & ML,10X Scholarship,2025-12-11,June 2025,Bachelor's Degree,Employed,2025,12
Female,Ugandan,No,No,Yes,Data Science & ML,Self-sponsored,2025-12-11,June 2025,Bachelor's Degree,Employed,2025,12
Female,Ugandan,No,No,Yes,Data Science & ML,10X Scholarship,2025-12-11,June 2025,UACE,Open to work,2025,12
Female,Ugandan,No,No,Yes,Data Science & ML,10X Scholarship,2025-12-11,June 2025,UACE,Employed,2025,12
Female,Ugandan,No,No,Yes,Data Science & ML,10X Scholarship,2025-12-11,June 2025,Bachelor's Degree,Open to work,2025,12
Female,Ugandan,No,No,Yes,Data Science & ML,10X Scholarship,2025-12-11,June 2025,Bachelor's Degree,Employed,2025,12
Female,Ugandan,No,No,Yes,Data Science & ML,10X Scholarship,2025-12-11,June 2025,UACE,Employed,2025,12
Female,Ugandan,No,No,Yes,Data Science & ML,10X Scholarship,2025-12-11,June 2025,Bachelor's Degree,Open to work,2025,12
Female,Ugandan,No,No,Yes,Data Science & ML,10X Scholarship,2025-12-11,June 2025,Bachelor's Degree,Employed,2025,12
Female,Ugandan,No,No,Yes,Data Science & ML,10X Scholarship,2025-12-11,June 2025,Bachelor's Degree,Employed,2025,12
Male,Ugandan,No,No,Yes,Data Science & ML,Self-sponsored,2025-12-11,June 2025,Bachelor's Degree,Open to work,2025,12
Male,Ugandan,No,No,Yes,Data Science & ML,Self-sponsored,2025-12-11,June 2025,Bachelor's Degree,Employed,2025,12
Female,Ugandan,No,No,Yes,Data Science & ML,10X Scholarship,2025-12-11,June 2025,Bachelor's Degree,Employed,2025,12
Female,Ugandan,No,No,Yes,Data Science & ML,10X Scholarship,2025-12-11,June 2025,Bachelor's Degree,Employed,2025,12
Male,Ugandan,No,No,Yes,Data Science & ML,Self-sponsored,2025-12-11,June 2025,Certificate,Open to work,2025,12
Female,Ugandan,No,No,Yes,Data Science & ML,10X Scholarship,2025-12-11,June 2025,Bachelor's Degree,Employed,2025,12
Female,Ugandan,No,No,Yes,Data Science & ML,Self-sponsored,2025-12-11,June 2025,Bachelor's Degree,Employed,2025,12
Female,Ugandan,No,No,Yes,Data Science & ML,10X Scholarship,2025-12-11,June 2025,Bachelor's Degree,Open to work,2025,12
Male,Ugandan,No,No,Yes,Data Science & ML,Self-sponsored,2025-12-11,June 2025,UACE,Employed,2025,12
Female,Ugandan,No,No,Yes,Data Science & ML,10X Scholarship,2025-12-11,June 2025,Diploma,Employed,2025,12
Male,Ugandan,No,No,Yes,Data Science & ML,UNDP Scholarship,2025-12-05,June 2025,Bachelor's Degree,Employed,2025,12
Female,Ugandan,No,No,Yes,Data Science & ML,UNDP Scholarship,2025-12-05,June 2025,Bachelor's Degree,Employed,2025,12
Male,Ugandan,No,No,Yes,Data Science & ML,UNDP Scholarship,2025-12-05,June 2025,Certificate,Open to work,2025,12
Female,Ugandan,No,No,Yes,Data Science & ML,UNDP Scholarship,2025-12-05,June 2025,Bachelor's Degree,Open to work,2025,12
Male,Ugandan,No,No,Yes,Data Science & ML,UNDP Scholarship,2025-12-05,June 2025,UACE,Employed,2025,12
Female,Ugandan,No,No,Yes,Data Science & ML,UNDP Scholarship,2025-12-05,June 2025,UACE,Open to work,2025,12
Male,Ugandan,No,No,Yes,Data Science & ML,UNDP Scholarship,2025-12-05,June 2025,UACE,Employed,2025,12
Male,Ugandan,No,No,Yes,Data Science & ML,UNDP Scholarship,2025-12-05,June 2025,Bachelor's Degree,Employed,2025,12
Male,Ugandan,No,No,Yes,Data Science & ML,UNDP Scholarship,2025-12-05,June 2025,Bachelor's Degree,Employed,2025,12
Male,Ugandan,No,No,Yes,Data Science & ML,UNDP Scholarship,2025-12-05,June 2025,UACE,Open to work,2025,12
Female,Ugandan,No,No,Yes,Data Science & ML,UNDP Scholarship,2025-12-05,June 2025,Bachelor's Degree,Employed,2025,12
Male,Ugandan,No,No,Yes,Data Science & ML,UNDP Scholarship,2025-12-05,June 2025,Bachelor's Degree,Open to work,2025,12
Male,Ugandan,No,No,Yes,Data Science & ML,UNDP Scholarship,2025-12-05,June 2025,Bachelor's Degree,Open to work,2025,12
Female,Ugandan,No,No,Yes,Data Science & ML,UNDP Scholarship,2025-12-05,June 2025,Bachelor's Degree,Employed,2025,12
Male,Ugandan,No,No,Yes,Data Science & ML,UNDP Scholarship,2025-12-05,June 2025,Bachelor's Degree,Open to work,2025,12
Male,Ugandan,No,No,Yes,Data Science & ML,UNDP Scholarship,2025-12-05,June 2025,Bachelor's Degree,Employed,2025,12
Female,Ugandan,No,No,Yes,Data Science & ML,UNDP Scholarship,2025-12-05,June 2025,Bachelor's Degree,Employed,2025,12
Male,Ugandan,No,No,Yes,Data Science & ML,UNDP Scholarship,2025-12-05,June 2025,Bachelor's Degree,Employed,2025,12
Female,Ugandan,No,No,Yes,Data Science & ML,UNDP Scholarship,2025-12-05,June 2025,UACE,Employed,2025,12
Male,Ugandan,No,No,Yes,Data Science & ML,UNDP Scholarship,2025-12-05,June 2025,Bachelor's Degree,Employed,2025,12
Male,Ugandan,No,No,Yes,Data Science & ML,UNDP Scholarship,2025-12-05,June 2025,UACE,Employed,2025,12
Male,Ugandan,No,No,Yes,Data Science & ML,UNDP Scholarship,2025-12-05,June 2025,Diploma,Employed,2025,12
Male,Ugandan,No,No,Yes,Data Science & ML,UNDP Scholarship,2025-12-05,June 2025,Certificate,Employed,2025,12
Male,Ugandan,No,No,Yes,Data Science & ML,UNDP Scholarship,2025-12-05,June 2025,UACE,Open to work,2025,12
Male,Ugandan,No,No,Yes,Data Science & ML,UNDP Scholarship,2025-12-05,June 2025,Bachelor's Degree,Open to work,2025,12
Male,Ugandan,No,No,Yes,Data Science & ML,UNDP Scholarship,2025-12-05,June 2025,Bachelor's Degree,Employed,2025,12
Female,Ugandan,No,No,Yes,Data Science & ML,UNDP Scholarship,2025-12-05,June 2025,Bachelor's Degree,Employed,2025,12
Male,Ugandan,No,No,Yes,Data Science & ML,UNDP Scholarship,2025-12-05,June 2025,Bachelor's Degree,Employed,2025,12
Female,Ugandan,No,No,Yes,Data Science & ML,UNDP Scholarship,2025-12-05,June 2025,Certificate,Employed,2025,12
Male,Ugandan,No,No,Yes,Data Science & ML,UNDP Scholarship,2025-12-05,June 2025,Bachelor's Degree,Employed,2025,12
Female,Ugandan,No,No,Yes,Data Science & ML,UNDP Scholarship,2025-12-05,June 2025,Diploma,Employed,2025,12
Female,Ugandan,No,No,Yes,Data Science & ML,UNDP Scholarship,2025-12-05,June 2025,Certificate,Open to work,2025,12
Male,Ugandan,No,No,Yes,Data Science & ML,UNDP Scholarship,2025-12-05,June 2025,Diploma,Employed,2025,12
Female,Ugandan,No,No,Yes,Data Science & ML,UNDP Scholarship,2025-12-05,June 2025,Certificate,Open to work,2025,12
Female,Ugandan,No,No,Yes,Data Science & ML,UNDP Scholarship,2025-12-05,June 2025,Diploma,Open to work,2025,12
Female,Ugandan,No,No,Yes,Data Science & ML,10X Scholarship,2025-12-11,June 2025,Bachelor's Degree,Employed,2025,12
Female,Ugandan,No,No,Yes,Product Management,10X Scholarship,2025-12-11,June 2025,Certificate,Employed,2025,12
Female,Ugandan,No,No,Yes,Product Management,10X Scholarship,2025-12-11,June 2025,Bachelor's Degree,Employed,2025,12
Female,Ugandan,No,No,Yes,Product Management,10X Scholarship,2025-12-11,June 2025,Bachelor's Degree,Employed,2025,12
Female,Ugandan,No,No,Yes,Product Management,10X Scholarship,2025-12-11,June 2025,Bachelor's Degree,Employed,2025,12
Female,Ugandan,No,No,Yes,Product Management,10X Scholarship,2025-12-11,June 2025,Bachelor's Degree,Open to work,2025,12
Female,Ugandan,No,No,Yes,Product Management,10X Scholarship,2025-12-11,June 2025,UACE,Open to work,2025,12
Female,Ugandan,No,No,Yes,Product Management,10X Scholarship,2025-12-11,June 2025,Certificate,Employed,2025,12
Female,Ugandan,No,No,Yes,Product Management,10X Scholarship,2025-12-11,June 2025,Bachelor's Degree,Employed,2025,12
Female,Ugandan,No,No,Yes,Product Management,10X Scholarship,2025-12-11,June 2025,Bachelor's Degree,Employed,2025,12
Female,Ugandan,No,No,Yes,Product Management,10X Scholarship,2025-12-11,June 2025,Diploma,Employed,2025,12
Female,Ugandan,No,No,Yes,Product Management,10X Scholarship,2025-12-11,June 2025,Bachelor's Degree,Employed,2025,12
Female,Ugandan,No,No,Yes,Product Management,10X Scholarship,2025-12-11,June 2025,Bachelor's Degree,Employed,2025,12
Female,Ugandan,No,Yes,Yes,Product Management,10X Scholarship,2025-12-11,June 2025,UACE,Employed,2025,12
Female,Ugandan,No,No,Yes,Product Management,10X Scholarship,2025-12-11,June 2025,Bachelor's Degree,Open to work,2025,12
Female,Ugandan,No,No,Yes,Product Management,10X Scholarship,2025-12-11,June 2025,Certificate,Employed,2025,12
Female,Ugandan,No,No,Yes,Product Management,10X Scholarship,2025-12-11,June 2025,Certificate,Employed,2025,12
Female,Ugandan,No,No,Yes,Product Management,10X Scholarship,2025-12-11,June 2025,Bachelor's Degree,Employed,2025,12
Female,Ugandan,No,No,Yes,Product Management,10X Scholarship,2025-12-11,June 2025,Diploma,Employed,2025,12
Female,Ugandan,No,No,Yes,Product Management,10X Scholarship,2025-12-11,June 2025,Bachelor's Degree,Employed,2025,12
Female,Ugandan,No,No,Yes,Product Management,10X Scholarship,2025-12-11,June 2025,Certificate,Employed,2025,12
Female,Ugandan,No,No,Yes,Product Management,10X Scholarship,2025-12-11,June 2025,Certificate,Employed,2025,12
Female,Congolese,Yes,No,Yes,Product Management,10X Scholarship,2025-12-11,June 2025,Certificate,Employed,2025,12
Female,Ugandan,No,No,Yes,Product Management,Self-sponsored,2025-12-11,June 2025,Bachelor's Degree,Employed,2025,12
Female,Ugandan,No,No,Yes,Product Design (UX/UI),10X Scholarship,2025-12-11,June 2025,Certificate,Employed,2025,12
Female,South Sudanese,Yes,No,Yes,Product Design (UX/UI),10X Scholarship,2025-12-11,June 2025,Certificate,Employed,2025,12
Female,Ugandan,No,No,Yes,Product Design (UX/UI),10X Scholarship,2025-12-11,June 2025,Diploma,Open to work,2025,12
Female,Ugandan,No,No,Yes,Product Design (UX/UI),10X Scholarship,2025-12-11,June 2025,Bachelor's Degree,Employed,2025,12
Female,Ugandan,No,No,Yes,Product Design (UX/UI),10X Scholarship,2025-12-11,June 2025,Bachelor's Degree,Employed,2025,12
Female,Ugandan,No,No,Yes,Product Design (UX/UI),10X Scholarship,2025-12-11,June 2025,UACE,Open to work,2025,12
Female,Ugandan,No,No,Yes,Product Design (UX/UI),10X Scholarship,2025-12-11,June 2025,Diploma,Employed,2025,12
Male,Ugandan,No,No,Yes,Product Design (UX/UI),UNDP Scholarship,2025-12-05,June 2025,UACE,Employed,2025,12
Male,Ugandan,No,No,Yes,Product Design (UX/UI),UNDP Scholarship,2025-12-05,June 2025,Certificate,Employed,2025,12
Male,Ugandan,No,No,Yes,Product Design (UX/UI),UNDP Scholarship,2025-12-05,June 2025,Diploma,Employed,2025,12
Female,Ugandan,No,No,Yes,Product Design (UX/UI),UNDP Scholarship,2025-12-05,June 2025,Certificate,Open to work,2025,12
Female,Ugandan,No,No,Yes,Product Design (UX/UI),UNDP Scholarship,2025-12-05,June 2025,Diploma,Employed,2025,12
Female,Ugandan,No,No,Yes,Product Design (UX/UI),UNDP Scholarship,2025-12-05,June 2025,Bachelor's Degree,Employed,2025,12
Female,Ugandan,No,No,Yes,Product Design (UX/UI),UNDP Scholarship,2025-12-05,June 2025,Bachelor's Degree,Employed,2025,12
Male,Ugandan,No,No,Yes,Product Design (UX/UI),UNDP Scholarship,2025-12-05,June 2025,Bachelor's Degree,Employed,2025,12
Male,Ugandan,No,No,Yes,Product Design (UX/UI),UNDP Scholarship,2025-12-05,June 2025,Bachelor's Degree,Employed,2025,12
Female,Ugandan,No,No,Yes,Product Design (UX/UI),UNDP Scholarship,2025-12-05,June 2025,Diploma,Employed,2025,12
Female,Ugandan,No,No,Yes,Foundations of Software Development,10X Scholarship,2025-12-11,June 2025,UCE,Employed,2025,12
Female,Ugandan,No,No,Yes,Foundations of Software Development,10X Scholarship,2025-12-11,June 2025,UCE,Open to work,2025,12
Female,Ugandan,No,No,Yes,Foundations of Software Development,10X Scholarship,2025-12-11,June 2025,UCE,Open to work,2025,12
Female,Ugandan,No,No,Yes,Foundations of Software Development,10X Scholarship,2025-12-11,June 2025,UCE,Employed,2025,12
Female,Ugandan,No,No,Yes,Foundations of Software Development,10X Scholarship,2025-12-11,June 2025,Bachelor's Degree,Open to work,2025,12
Female,Ugandan,No,No,Yes,Foundations of Software Development,10X Scholarship,2025-12-11,September 2025,UACE,Employed,2025,12
Male,Ugandan,No,No,Yes,Foundations of Software Development,Self-sponsored,2025-12-11,September 2025,Diploma,Employed,2025,12
Male,Ugandan,No,Yes,Yes,Foundations of Software Development,Self-sponsored,2025-12-11,September 2025,Bachelor's Degree,Employed,2025,12
Female,Ugandan,No,No,Yes,Foundations of Software Development,10X Scholarship,2025-12-11,September 2025,Bachelor's Degree,Employed,2025,12
Female,Ugandan,No,No,Yes,Foundations of Software Development,10X Scholarship,2025-12-11,September 2025,UCE,Open to work,2025,12
Female,Ugandan,No,No,Yes,Foundations of Software Development,10X Scholarship,2025-12-11,September 2025,Diploma,Open to work,2025,12
Female,Ugandan,No,No,Yes,Foundations of Software Development,10X Scholarship,2025-12-11,September 2025,UCE,Employed,2025,12
Female,Sudanese,Yes,No,Yes,Foundations of Software Development,10X Scholarship,2025-12-11,September 2025,Certificate,Open to work,2025,12
Female,Ugandan,No,No,Yes,Foundations of Software Development,10X Scholarship,2025-12-11,September 2025,Diploma,Employed,2025,12
Female,Eritrean,Yes,No,Yes,Foundations of Software Development,10X Scholarship,2025-12-11,September 2025,Certificate,Open to work,2025,12
Female,Ugandan,No,No,Yes,Foundations of Software Development,10X Scholarship,2025-12-11,September 2025,UACE,Employed,2025,12
Female,Ugandan,No,No,Yes,Foundations of Software Development,10X Scholarship,2025-12-11,September 2025,UCE,Open to work,2025,12
Female,Ugandan,No,No,Yes,Foundations of Software Development,10X Scholarship,2025-12-11,September 2025,Bachelor's Degree,Employed,2025,12
Female,Ugandan,No,No,Yes,Foundations of Software Development,10X Scholarship,2025-12-11,September 2025,UACE,Employed,2025,12
Male,Ugandan,No,No,Yes,Foundations of Software Development,Self-sponsored,2025-12-11,September 2025,UACE,Open to work,2025,12
Female,Ugandan,No,No,No,Foundations of Software Development,10X Scholarship,2025-12-11,September 2025,Bachelor's Degree,Employed,2025,12
Female,Ugandan,No,No,Yes,Foundations of Software Development,10X Scholarship,2025-12-11,September 2025,UCE,Employed,2025,12
Female,Ugandan,No,No,Yes,Foundations of Software Development,10X Scholarship,2025-12-11,September 2025,UCE,Open to work,2025,12
Female,Ugandan,No,No,Yes,Foundations of Software Development,10X Scholarship,2025-12-11,September 2025,UACE,Employed,2025,12
Female,Ugandan,No,No,Yes,Foundations of Software Development,10X Scholarship,2025-12-11,September 2025,UACE,Open to work,2025,12
Female,Ugandan,No,No,Yes,Foundations of Software Development,10X Scholarship,2025-12-11,September 2025,UCE,Open to work,2025,12
Female,Ugandan,No,No,Yes,Foundations of Software Development,10X Scholarship,2025-12-11,September 2025,UACE,Open to work,2025,12
Female,Ugandan,No,No,Yes,Foundations of Software Development,10X Scholarship,2025-12-11,September 2025,Bachelor's Degree,Employed,2025,12
Female,Ugandan,No,No,Yes,Foundations of Software Development,10X Scholarship,2025-12-11,September 2025,UACE,Open to work,2025,12
Female,Ugandan,No,No,Yes,Foundations of Software Development,10X Scholarship,2025-12-11,September 2025,Bachelor's Degree,Employed,2025,12
Male,Ugandan,No,No,Yes,Foundations of Software Development,Self-sponsored,2025-12-11,September 2025,UCE,Open to work,2025,12
Female,South Sudanese,Yes,No,Yes,Foundations of Software Development,10X Scholarship,2025-12-11,September 2025,Certificate,Open to work,2025,12
Female,Ugandan,No,No,Yes,Foundations of Software Development,10X Scholarship,2025-12-11,September 2025,Bachelor's Degree,Employed,2025,12
Female,Ugandan,No,No,Yes,Foundations of Software Development,10X Scholarship,2025-12-11,September 2025,UCE,Employed,2025,12
Female,Ugandan,No,No,Yes,Foundations of Software Development,10X Scholarship,2025-12-11,September 2025,UACE,Employed,2025,12
Female,Somali,Yes,No,Yes,Foundations of Software Development,10X Scholarship,2025-12-11,September 2025,UCE,Open to work,2025,12
Female,Ethiopian,Yes,No,Yes,Foundations of Software Development,10X Scholarship,2025-12-11,September 2025,UCE,Open to work,2025,12
Female,Ugandan,No,No,Yes,Foundations of Software Development,10X Scholarship,2025-12-11,September 2025,UACE,Open to work,2025,12
Female,Sudanese,Yes,No,Yes,Foundations of Software Development,10X Scholarship,2025-12-11,September 2025,Master's Degree,Open to work,2025,12
Female,Sudanese,Yes,No,Yes,Foundations of Software Development,10X Scholarship,2025-12-11,September 2025,Certificate,Open to work,2025,12
Female,Ugandan,No,No,Yes,Foundations of Software Development,10X Scholarship,2025-12-11,September 2025,Bachelor's Degree,Employed,2025,12
Female,Ugandan,No,No,Yes,Foundations of Software Development,10X Scholarship,2025-12-11,September 2025,UACE,Open to work,2025,12
Female,Ugandan,No,No,Yes,Foundations of Software Development,10X Scholarship,2025-12-11,September 2025,UCE,Open to work,2025,12
Female,Ugandan,No,No,Yes,Foundations of Software Development,10X Scholarship,2025-12-11,September 2025,Master's Degree,Open to work,2025,12
Female,Somali,Yes,No,Yes,Foundations of Software Development,10X Scholarship,2025-12-11,September 2025,Certificate,Open to work,2025,12
Female,Ugandan,No,No,Yes,Foundations of Software Development,10X Scholarship,2025-12-11,September 2025,UCE,Employed,2025,12
Female,Ugandan,No,No,Yes,Foundations of Software Development,10X Scholarship,2025-12-11,September 2025,UACE,Open to work,2025,12
Female,Ugandan,No,Yes,Yes,Foundations of Software Development,10X Scholarship,2025-12-11,September 2025,Bachelor's Degree,Open to work,2025,12
Male,Ugandan,No,No,Yes,Foundations of Software Development,Self-sponsored,2025-12-11,September 2025,UCE,Open to work,2025,12
Female,Ugandan,No,No,Yes,Foundations of Software Development,10X Scholarship,2025-12-11,September 2025,Bachelor's Degree,Employed,2025,12
Female,Sudanese,Yes,No,Yes,Foundations of Software Development,10X Scholarship,2025-12-11,September 2025,Certificate,Open to work,2025,12
Male,Ugandan,No,No,Yes,Foundations of Software Development,Self-sponsored,2025-12-11,September 2025,Bachelor's Degree,Open to work,2025,12
Female,Sudanese,Yes,No,Yes,Foundations of Software Development,10X Scholarship,2025-12-11,September 2025,Certificate,Open to work,2025,12
Female,Ugandan,No,No,Yes,Foundations of Software Development,10X Scholarship,2025-12-11,September 2025,Bachelor's Degree,Open to work,2025,12
Female,Ugandan,No,No,Yes,Foundations of Software Development,10X Scholarship,2025-12-11,September 2025,Certificate,Employed,2025,12
Female,Ugandan,No,No,Yes,Foundations of Software Development,10X Scholarship,2025-12-11,September 2025,Bachelor's Degree,Employed,2025,12
Female,Ugandan,No,No,Yes,Foundations of Software Development,10X Scholarship,2025-12-11,September 2025,Diploma,Employed,2025,12
Female,Sudanese,Yes,No,Yes,Foundations of Software Development,10X Scholarship,2025-12-11,September 2025,Diploma,Open to work,2025,12
Female,Ugandan,No,No,Yes,Foundations of Software Development,10X Scholarship,2025-12-11,September 2025,Certificate,Employed,2025,12
Female,Ugandan,No,No,Yes,Foundations of Software Development,10X Scholarship,2025-12-11,September 2025,Bachelor's Degree,Open to work,2025,12
Female,Ugandan,No,No,Yes,Foundations of Software Development,10X Scholarship,2025-12-11,September 2025,UCE,Open to work,2025,12
Female,Ugandan,No,No,Yes,Foundations of Software Development,10X Scholarship,2025-12-11,September 2025,Bachelor's Degree,Employed,2025,12
Female,Ugandan,No,No,Yes,Foundations of Software Development,10X Scholarship,2025-12-11,September 2025,UCE,Employed,2025,12
Male,Ugandan,No,No,Yes,CSE - Javascript,Self-sponsored,2025-12-11,July 2025,Bachelor's Degree,Employed,2025,12
Female,Ugandan,No,No,Yes,CSE - Javascript,10X Scholarship,2025-12-11,July 2025,UACE,Open to work,2025,12
Female,Ugandan,No,No,Yes,CSE - Javascript,10X Scholarship,2025-12-11,July 2025,UCE,Open to work,2025,12
Male,Ugandan,No,No,Yes,CSE - Python,Self-sponsored,2025-12-11,July 2025,UCE,Employed,2025,12
Female,Ugandan,No,No,Yes,CSE - Javascript,10X Scholarship,2025-12-11,July 2025,Certificate,Employed,2025,12
Female,South Sudanese,Yes,No,Yes,CSE - Javascript,10X Scholarship,2025-12-11,July 2025,Certificate,Open to work,2025,12
Female,Ugandan,No,No,Yes,CSE - Javascript,Self-sponsored,2025-12-11,July 2025,UACE,Open to work,2025,12
Female,Ethiopian,Yes,No,Yes,CSE - Javascript,10X Scholarship,2025-12-11,July 2025,Bachelor's Degree,Employed,2025,12
Female,South Sudanese,Yes,No,Yes,CSE - Javascript,10X Scholarship,2025-12-11,July 2025,Certificate,Open to work,2025,12
Male,Ugandan,No,No,Yes,CSE - Javascript,Self-sponsored,2025-12-11,July 2025,Bachelor's Degree,Employed,2025,12
Female,Ugandan,No,No,Yes,CSE - Javascript,10X Scholarship,2025-12-11,July 2025,UACE,Employed,2025,12
Female,Ugandan,No,No,Yes,CSE - Javascript,10X Scholarship,2025-12-11,July 2025,UCE,Open to work,2025,12
Female,Ugandan,No,No,Yes,CSE - Javascript,10X Scholarship,2025-12-11,July 2025,UCE,Open to work,2025,12
Female,Ugandan,No,No,Yes,CSE - Javascript,10X Scholarship,2025-12-11,July 2025,UCE,Employed,2025,12
Female,Ugandan,No,No,Yes,CSE - Javascript,10X Scholarship,2025-12-11,July 2025,UACE,Employed,2025,12
Female,Ugandan,No,No,Yes,CSE - Javascript,10X Scholarship,2025-12-11,July 2025,Master's Degree,Employed,2025,12
Male,Ugandan,No,No,Yes,CSE - Javascript,Self-sponsored,2025-12-11,July 2025,UACE,Open to work,2025,12
Female,Ugandan,No,No,Yes,CSE - Javascript,Self-sponsored,2025-12-11,July 2025,UACE,Open to work,2025,12
Female,Ugandan,No,No,Yes,CSE - Javascript,10X Scholarship,2025-12-11,July 2025,UACE,Employed,2025,12
Female,Ugandan,No,No,Yes,CSE - Javascript,10X Scholarship,2025-12-11,July 2025,UACE,Employed,2025,12
Female,Ugandan,No,No,Yes,CSE - Javascript,10X Scholarship,2025-12-11,July 2025,UACE,Open to work,2025,12
Female,Ugandan,No,No,Yes,CSE - Javascript,10X Scholarship,2025-12-11,July 2025,UCE,Open to work,2025,12
Female,Ugandan,No,No,Yes,CSE - Javascript,10X Scholarship,2025-12-11,July 2025,UCE,Open to work,2025,12
Female,Congolese,Yes,No,Yes,CSE - Javascript,10X Scholarship,2025-12-11,July 2025,Certificate,Open to work,2025,12
Male,Ugandan,No,No,Yes,CSE - Javascript,Self-sponsored,2025-12-11,July 2025,Bachelor's Degree,Open to work,2025,12
Female,Ugandan,No,No,Yes,CSE - Javascript,10X Scholarship,2025-12-11,July 2025,Certificate,Open to work,2025,12
Female,Ugandan,No,No,Yes,CSE - Javascript,10X Scholarship,2025-12-11,July 2025,UACE,Open to work,2025,12
Female,Ugandan,No,No,Yes,CSE - Python,10X Scholarship,2025-12-11,July 2025,UACE,Open to work,2025,12
Female,Ugandan,No,No,Yes,CSE - Python,10X Scholarship,2025-12-11,July 2025,Certificate,Open to work,2025,12
Female,Ugandan,No,No,Yes,CSE - Python,10X Scholarship,2025-12-11,July 2025,UCE,Employed,2025,12
Female,Ugandan,No,No,Yes,CSE - Python,10X Scholarship,2025-12-11,July 2025,UACE,Employed,2025,12
Female,Ugandan,No,No,Yes,CSE - Python,10X Scholarship,2025-12-11,July 2025,Bachelor's Degree,Open to work,2025,12
Female,Ugandan,No,No,Yes,CSE - Python,10X Scholarship,2025-12-11,July 2025,Bachelor's Degree,Employed,2025,12
Female,Ugandan,No,No,Yes,CSE - Python,10X Scholarship,2025-12-11,July 2025,UCE,Employed,2025,12
Female,Ugandan,No,No,Yes,CSE - Python,10X Scholarship,2025-12-11,July 2025,Bachelor's Degree,Employed,2025,12
Female,Ugandan,No,No,Yes,CSE - Python,Self-sponsored,2025-12-11,July 2025,UACE,Open to work,2025,12
Female,Ugandan,No,No,Yes,CSE - Python,10X Scholarship,2025-12-11,July 2025,UACE,Open to work,2025,12
Male,Ugandan,No,No,Yes,CSE - Python,Self-sponsored,2025-12-11,July 2025,Master's Degree,Employed,2025,12
Female,Ugandan,No,No,Yes,CSE - Python,10X Scholarship,2025-12-11,July 2025,UACE,Employed,2025,12
Male,Ugandan,No,No,Yes,CSE - Python,Self-sponsored,2025-12-11,July 2025,Bachelor's Degree,Open to work,2025,12
Female,Ugandan,No,No,Yes,CSE - Python,10X Scholarship,2025-12-11,July 2025,UCE,Employed,2025,12
Female,Ugandan,No,No,Yes,CSE - Python,10X Scholarship,2025-12-11,July 2025,UCE,Open to work,2025,12
Female,Ugandan,No,No,Yes,CSE - Python,10X Scholarship,2025-12-11,July 2025,UCE,Employed,2025,12
Male,Ugandan,No,No,Yes,CSE - Python,Self-sponsored,2025-12-11,July 2025,Bachelor's Degree,Employed,2025,12
Female,Ugandan,No,No,Yes,CSE - Python,10X Scholarship,2025-12-11,July 2025,Bachelor's Degree,Employed,2025,12
Female,Ugandan,No,No,Yes,CSE - Python,10X Scholarship,2025-12-11,July 2025,UACE,Open to work,2025,12
Female,Ugandan,No,No,Yes,CSE - Python,10X Scholarship,2025-12-11,July 2025,UACE,Open to work,2025,12
Female,Ugandan,No,No,Yes,CSE - Python,10X Scholarship,2025-12-11,July 2025,UACE,Employed,2025,12
Female,Ugandan,No,No,Yes,CSE - Python,10X Scholarship,2025-12-11,July 2025,UACE,Employed,2025,12
Male,Ugandan,No,No,Yes,AI/ML,UNDP Scholarship,2025-12-05,July 2025,Diploma,Employed,2025,12
Male,Ugandan,No,No,Yes,AI/ML,UNDP Scholarship,2025-12-05,July 2025,Bachelor's Degree,Employed,2025,12
Female,Ugandan,No,No,Yes,AI/ML,UNDP Scholarship,2025-12-05,July 2025,Bachelor's Degree,Employed,2025,12
Male,Ugandan,No,No,Yes,AI/ML,UNDP Scholarship,2025-12-05,July 2025,Bachelor's Degree,Employed,2025,12
Female,Ugandan,No,No,Yes,AI/ML,UNDP Scholarship,2025-12-05,July 2025,Bachelor's Degree,Employed,2025,12
Male,Ugandan,No,No,Yes,AI/ML,UNDP Scholarship,2025-12-05,July 2025,Bachelor's Degree,Employed,2025,12
Male,Ugandan,No,No,Yes,AI/ML,UNDP Scholarship,2025-12-05,July 2025,Bachelor's Degree,Open to work,2025,12
Male,Ugandan,No,No,Yes,AI/ML,UNDP Scholarship,2025-12-05,July 2025,Bachelor's Degree,Employed,2025,12
Female,Ugandan,No,No,Yes,AI/ML,UNDP Scholarship,2025-12-05,July 2025,Bachelor's Degree,Employed,2025,12
Female,Ugandan,No,No,Yes,AI/ML,UNDP Scholarship,2025-12-05,July 2025,Bachelor's Degree,Employed,2025,12
Female,Ugandan,No,No,Yes,AI/ML,UNDP Scholarship,2025-12-05,July 2025,Bachelor's Degree,Employed,2025,12
Female,Somali,Yes,No,Yes,AI/ML,UNDP Scholarship,2025-12-05,July 2025,Bachelor's Degree,Open to work,2025,12
Male,Ugandan,No,No,Yes,AI/ML,UNDP Scholarship,2025-12-05,July 2025,Certificate,Open to work,2025,12
Male,Ugandan,No,No,Yes,AI/ML,UNDP Scholarship,2025-12-05,July 2025,UACE,Open to work,2025,12
Male,Ugandan,No,No,Yes,AI/ML,UNDP Scholarship,2025-12-05,July 2025,UACE,Employed,2025,12
Male,Ugandan,No,No,Yes,AI/ML,Self-sponsored,2025-12-11,July 2025,Certificate,Open to work,2025,12
Male,Ugandan,No,No,Yes,AI/ML,UNDP Scholarship,2025-12-05,July 2025,UACE,Employed,2025,12
Female,Ugandan,No,No,Yes,AI/ML,UNDP Scholarship,2025-12-05,July 2025,Bachelor's Degree,Employed,2025,12
Male,Ugandan,No,No,Yes,Blockchain Development,UNDP Scholarship,2025-12-05,July 2025,Diploma,Employed,2025,12
Male,Ugandan,No,No,Yes,Blockchain Development,UNDP Scholarship,2025-12-05,July 2025,Bachelor's Degree,Employed,2025,12
Male,Rwandan,Yes,No,Yes,Blockchain Development,UNDP Scholarship,2025-12-05,July 2025,UACE,Open to work,2025,12
Male,Ugandan,No,No,Yes,Blockchain Development,UNDP Scholarship,2025-12-05,July 2025,Bachelor's Degree,Employed,2025,12
Male,Ugandan,No,No,Yes,Blockchain Development,UNDP Scholarship,2025-12-05,July 2025,Bachelor's Degree,Employed,2025,12
Female,Ugandan,No,No,Yes,Blockchain Development,10X Scholarship,2025-12-11,July 2025,Bachelor's Degree,Employed,2025,12
Male,Ugandan,No,No,Yes,Blockchain Development,UNDP Scholarship,2025-12-05,July 2025,UACE,Employed,2025,12
Female,Ugandan,No,No,Yes,Blockchain Development,UNDP Scholarship,2025-12-05,July 2025,UACE,Open to work,2025,12
Male,Ugandan,No,No,Yes,Cybersecurity,Self-sponsored,2025-12-11,July 2025,Bachelor's Degree,Employed,2025,12
Female,Ugandan,No,No,Yes,Cybersecurity,10X Scholarship,2025-12-11,July 2025,Bachelor's Degree,Employed,2025,12
Female,Ugandan,No,No,Yes,Cybersecurity,UNDP Scholarship,2025-12-05,July 2025,UCE,Employed,2025,12
Female,Ugandan,No,No,Yes,Cybersecurity,UNDP Scholarship,2025-12-05,July 2025,Bachelor's Degree,Open to work,2025,12
Male,Ugandan,No,No,Yes,Cybersecurity,UNDP Scholarship,2025-12-05,July 2025,Bachelor's Degree,Open to work,2025,12
Female,Ugandan,No,No,Yes,Cybersecurity,10X Scholarship,2025-12-11,July 2025,UACE,Employed,2025,12
Female,Ugandan,No,No,Yes,Cybersecurity,UNDP Scholarship,2025-12-05,July 2025,UCE,Employed,2025,12
Male,Ugandan,No,No,Yes,Cybersecurity,UNDP Scholarship,2025-12-05,July 2025,Bachelor's Degree,Employed,2025,12
Male,Ugandan,No,No,Yes,Cybersecurity,UNDP Scholarship,2025-12-05,July 2025,UACE,Open to work,2025,12
Female,Ugandan,No,No,Yes,Cybersecurity,10X Scholarship,2025-12-11,July 2025,Bachelor's Degree,Employed,2025,12
Male,Ugandan,No,No,Yes,Cybersecurity,UNDP Scholarship,2025-12-05,July 2025,Bachelor's Degree,Employed,2025,12
Female,Ugandan,No,No,Yes,Cybersecurity,UNDP Scholarship,2025-12-05,July 2025,Bachelor's Degree,Open to work,2025,12
Female,Ugandan,No,No,Yes,Cybersecurity,UNDP Scholarship,2025-12-05,July 2025,Bachelor's Degree,Employed,2025,12
Male,Ugandan,No,No,Yes,Cybersecurity,Self-sponsored,2025-12-11,July 2025,Bachelor's Degree,Open to work,2025,12
Female,Ugandan,No,No,Yes,Cybersecurity,UNDP Scholarship,2025-12-05,July 2025,Bachelor's Degree,Employed,2025,12
Female,Ugandan,No,No,Yes,Cybersecurity,UNDP Scholarship,2025-12-05,July 2025,Bachelor's Degree,Employed,2025,12
Female,Ugandan,No,No,Yes,Cybersecurity,UNDP Scholarship,2025-12-05,July 2025,UACE,Employed,2025,12
Male,Ugandan,No,No,Yes,Cybersecurity,UNDP Scholarship,2025-12-05,July 2025,UACE,Open to work,2025,12
Male,Ugandan,No,No,Yes,Cybersecurity,UNDP Scholarship,2025-12-05,July 2025,UACE,Open to work,2025,12
Female,Ugandan,No,No,Yes,Cybersecurity,UNDP Scholarship,2025-12-05,July 2025,Bachelor's Degree,Open to work,2025,12
Female,Ugandan,No,Yes,Yes,Cybersecurity,Self-sponsored,2025-12-11,July 2025,Bachelor's Degree,Open to work,2025,12
Female,Ugandan,No,No,Yes,Cybersecurity,10X Scholarship,2025-12-11,July 2025,Bachelor's Degree,Employed,2025,12
Female,Ugandan,No,No,Yes,Cybersecurity,UNDP Scholarship,2025-12-05,July 2025,UACE,Employed,2025,12
Female,Ugandan,No,No,Yes,Apprenticeship,10X Scholarship,2025-12-11,March 2025,Certificate,Employed,2025,12
Female,Ugandan,No,No,Yes,Apprenticeship,10X Scholarship,2025-12-11,March 2025,Certificate,Employed,2025,12
Female,Ugandan,No,No,Yes,Apprenticeship,10X Scholarship,2025-12-11,March 2025,Bachelor's Degree,Open to work,2025,12
Female,Ugandan,No,No,Yes,Apprenticeship,10X Scholarship,2025-12-11,March 2025,Bachelor's Degree,Employed,2025,12
Female,Ugandan,No,No,Yes,Apprenticeship,10X Scholarship,2025-12-11,March 2025,Bachelor's Degree,Employed,2025,12
Female,Ugandan,No,No,Yes,Apprenticeship,10X Scholarship,2025-12-11,March 2025,Certificate,Open to work,2025,12
Female,Ugandan,No,No,Yes,Apprenticeship,10X Scholarship,2025-12-11,March 2025,Certificate,Open to work,2025,12
Female,Ugandan,No,No,Yes,Apprenticeship,10X Scholarship,2025-12-11,March 2025,Certificate,Employed,2025,12
Female,Ugandan,No,No,Yes,Apprenticeship,10X Scholarship,2025-12-11,March 2025,Certificate,Employed,2025,12
Female,Ugandan,No,No,Yes,Apprenticeship,10X Scholarship,2025-12-11,March 2025,Bachelor's Degree,Employed,2025,12
Female,Ugandan,No,No,Yes,Apprenticeship,10X Scholarship,2025-12-11,March 2025,Bachelor's Degree,Employed,2025,12
Female,Ugandan,No,No,Yes,Apprenticeship,10X Scholarship,2025-12-11,March 2025,Bachelor's Degree,Employed,2025,12
Female,Ugandan,No,No,Yes,Apprenticeship,10X Scholarship,2025-12-11,March 2025,Bachelor's Degree,Employed,2025,12
Female,Ugandan,No,No,Yes,Apprenticeship,10X Scholarship,2025-12-11,March 2025,Certificate,Employed,2025,12
Male,Ugandan,No,No,Yes,Apprenticeship,Self-sponsored,2025-12-11,March 2025,Certificate,Employed,2025,12
Male,Ugandan,No,No,Yes,Apprenticeship,Self-sponsored,2025-12-11,March 2025,Certificate,Employed,2025,12
Male,Ugandan,No,No,Yes,Apprenticeship,Self-sponsored,2025-12-11,March 2025,Certificate,Open to work,2025,12
Male,Ugandan,No,No,Yes,Apprenticeship,Self-sponsored,2025-12-11,March 2025,Certificate,Employed,2025,12
Male,Ugandan,No,No,Yes,Apprenticeship,Self-sponsored,2025-12-11,March 2025,Bachelor's Degree,Employed,2025,12
Male,Ugandan,No,No,Yes,Apprenticeship,Self-sponsored,2025-12-11,March 2025,Bachelor's Degree,Employed,2025,12
Male,Ugandan,No,No,Yes,Apprenticeship,Self-sponsored,2025-12-11,March 2025,Certificate,Employed,2025,12
Male,Ugandan,No,No,Yes,Apprenticeship,Self-sponsored,2025-12-11,March 2025,Bachelor's Degree,Employed,2025,12
Male,Ugandan,No,No,Yes,Apprenticeship,Self-sponsored,2025-12-11,March 2025,Bachelor's Degree,Open to work,2025,12
Male,Ugandan,No,No,Yes,Apprenticeship,Self-sponsored,2025-12-11,March 2025,Bachelor's Degree,Employed,2025,12
Female,Ugandan,No,No,Yes,CSE - Javascript,10X Scholarship,2025-12-11,September 2025,Certificate,Open to work,2025,12
Female,Ugandan,No,No,Yes,CSE - Javascript,10X Scholarship,2025-12-11,September 2025,Certificate,Open to work,2025,12
Female,Ugandan,No,No,Yes,CSE - Javascript,10X Scholarship,2025-12-11,September 2025,Bachelor's Degree,Open to work,2025,12
Female,Ugandan,No,No,Yes,CSE - Javascript,10X Scholarship,2025-12-11,September 2025,UACE,Employed,2025,12
Female,Ugandan,No,No,Yes,CSE - Javascript,10X Scholarship,2025-12-11,September 2025,Bachelor's Degree,Employed,2025,12
Female,Ugandan,No,No,Yes,CSE - Javascript,10X Scholarship,2025-12-11,September 2025,Bachelor's Degree,Open to work,2025,12
Female,Ugandan,No,No,Yes,CSE - Javascript,10X Scholarship,2025-12-11,September 2025,Certificate,Employed,2025,12
Female,Ugandan,No,No,Yes,CSE - Javascript,10X Scholarship,2025-12-11,September 2025,UACE,Employed,2025,12
Female,Ugandan,No,No,Yes,CSE - Python,10X Scholarship,2025-12-11,September 2025,UCE,Employed,2025,12
Female,Ugandan,No,No,Yes,CSE - Python,10X Scholarship,2025-12-11,September 2025,Bachelor's Degree,Employed,2025,12
Female,Congolese,Yes,No,Yes,CSE - Python,Self-sponsored,2025-12-11,September 2025,UACE,Employed,2025,12
Female,Ugandan,No,No,Yes,CSE - Python,10X Scholarship,2025-12-11,September 2025,UACE,Employed,2025,12
Female,Ugandan,No,No,Yes,CSE - Python,10X Scholarship,2025-12-11,September 2025,Bachelor's Degree,Employed,2025,12
Female,Ugandan,No,No,Yes,CSE - Python,10X Scholarship,2025-12-11,September 2025,Bachelor's Degree,Employed,2025,12
Female,Ethiopian,Yes,No,Yes,CSE - Python,10X Scholarship,2025-12-11,September 2025,UCE,Employed,2025,12
Female,Ugandan,No,Yes,Yes,CSE - Python,10X Scholarship,2025-12-11,September 2025,Master's Degree,Employed,2025,12
Male,Ugandan,No,No,Yes,Cloud Computing,UNDP Scholarship,2025-12-05,July 2025,UACE,Employed,2025,12
Male,Ugandan,No,No,Yes,Cloud Computing,UNDP Scholarship,2025-12-05,July 2025,Certificate,Employed,2025,12
Male,Ugandan,No,No,Yes,Cloud Computing,UNDP Scholarship,2025-12-05,July 2025,Bachelor's Degree,Employed,2025,12
Male,Ugandan,No,No,Yes,Cloud Computing,UNDP Scholarship,2025-12-05,July 2025,Certificate,Open to work,2025,12
Female,Ugandan,No,No,Yes,Cloud Computing,UNDP Scholarship,2025-12-05,July 2025,Bachelor's Degree,Employed,2025,12
Female,Ugandan,No,No,Yes,Cloud Computing,UNDP Scholarship,2025-12-05,July 2025,UACE,Employed,2025,12
Female,Ugandan,No,No,Yes,Cloud Computing,UNDP Scholarship,2025-12-05,July 2025,Diploma,Employed,2025,12
Female,Ugandan,No,No,Yes,Cloud Computing,UNDP Scholarship,2025-12-05,July 2025,Bachelor's Degree,Employed,2025,12
Female,Ugandan,No,No,Yes,Cloud Computing,UNDP Scholarship,2025-12-05,July 2025,Bachelor's Degree,Employed,2025,12
Female,Ugandan,No,No,Yes,Cloud Computing,UNDP Scholarship,2025-12-05,July 2025,Diploma,Employed,2025,12
Female,Ugandan,No,No,Yes,Cloud Computing,UNDP Scholarship,2025-12-05,July 2025,Bachelor's Degree,Employed,2025,12
Male,Ugandan,No,No,No,Cloud Computing,UNDP Scholarship,2025-12-05,July 2025,Certificate,Employed,2025,12
Male,Ugandan,No,No,Yes,Cloud Computing,UNDP Scholarship,2025-12-05,July 2025,Diploma,Employed,2025,12
Male,Ugandan,No,No,Yes,Cloud Computing,UNDP Scholarship,2025-12-05,July 2025,Certificate,Employed,2025,12
Male,Sudanese,Yes,No,Yes,Cloud Computing,UNDP Scholarship,2025-12-05,July 2025,Bachelor's Degree,Employed,2025,12
Male,Ugandan,No,Yes,Yes,Cloud Computing,UNDP Scholarship,2025-12-05,July 2025,PLE,Open to work,2025,12
Male,Ugandan,No,No,Yes,Cloud Computing,UNDP Scholarship,2025-12-05,July 2025,Bachelor's Degree,Open to work,2025,12
Female,Ugandan,No,No,Yes,Cloud Computing,10X Scholarship,2025-12-11,July 2025,Bachelor's Degree,Employed,2025,12
Female,Ugandan,No,No,Yes,Cloud Computing,10X Scholarship,2025-12-11,July 2025,UACE,Employed,2025,12
Female,Ugandan,No,No,Yes,Product Design (UX/UI),10X Scholarship,2025-12-11,September 2025,Bachelor's Degree,Employed,2025,12
Female,Ugandan,No,No,Yes,Product Design (UX/UI),10X Scholarship,2025-12-11,September 2025,Bachelor's Degree,Employed,2025,12
Female,Ugandan,No,No,Yes,Product Design (UX/UI),10X Scholarship,2025-12-11,September 2025,Diploma,Open to work,2025,12
Female,Ugandan,No,No,Yes,Product Design (UX/UI),10X Scholarship,2025-12-11,September 2025,UACE,Open to work,2025,12
Female,Ugandan,No,No,Yes,Product Design (UX/UI),10X Scholarship,2025-12-11,September 2025,UACE,Employed,2025,12
Female,Ugandan,No,No,Yes,Product Design (UX/UI),10X Scholarship,2025-12-11,September 2025,Bachelor's Degree,Open to work,2025,12
Female,Ugandan,No,No,Yes,Product Design (UX/UI),10X Scholarship,2025-12-11,September 2025,Bachelor's Degree,Employed,2025,12
Female,Ugandan,No,No,Yes,Product Design (UX/UI),10X Scholarship,2025-12-11,September 2025,UACE,Employed,2025,12
Female,Ugandan,No,No,Yes,Product Design (UX/UI),10X Scholarship,2025-12-11,September 2025,Bachelor's Degree,Open to work,2025,12
Female,Ugandan,No,No,Yes,Cybersecurity,10X Scholarship,2025-12-11,September 2025,Bachelor's Degree,Open to work,2025,12
Female,Ugandan,No,No,Yes,Cybersecurity,10X Scholarship,2025-12-11,September 2025,Bachelor's Degree,Employed,2025,12
Female,Ugandan,No,No,Yes,Cybersecurity,10X Scholarship,2025-12-11,September 2025,Diploma,Employed,2025,12
Female,Ugandan,No,No,Yes,Cybersecurity,10X Scholarship,2025-12-11,September 2025,Certificate,Open to work,2025,12
Female,Ugandan,No,No,Yes,Cybersecurity,10X Scholarship,2025-12-11,September 2025,Bachelor's Degree,Employed,2025,12
Female,Ugandan,No,No,Yes,Cybersecurity,Self-sponsored,2025-12-11,September 2025,Bachelor's Degree,Employed,2025,12
Female,Ugandan,No,No,Yes,Cybersecurity,10X Scholarship,2025-12-11,September 2025,Bachelor's Degree,Employed,2025,12
Female,Ugandan,No,No,Yes,Cybersecurity,10X Scholarship,2025-12-11,September 2025,Bachelor's Degree,Employed,2025,12
Female,Ugandan,No,No,Yes,Cybersecurity,10X Scholarship,2025-12-11,September 2025,Bachelor's Degree,Employed,2025,12
Female,Ugandan,No,No,Yes,Cybersecurity,10X Scholarship,2025-12-11,September 2025,Bachelor's Degree,Open to work,2025,12
Female,Ugandan,No,No,Yes,Product Management,10X Scholarship,2025-12-11,September 2025,Bachelor's Degree,Employed,2025,12
Female,Ugandan,No,No,Yes,Product Management,10X Scholarship,2025-12-11,September 2025,Certificate,Employed,2025,12
Female,Ugandan,No,No,Yes,Product Management,10X Scholarship,2025-12-11,September 2025,Bachelor's Degree,Open to work,2025,12
Female,Ugandan,No,No,Yes,Product Management,10X Scholarship,2025-12-11,September 2025,Bachelor's Degree,Employed,2025,12
Female,Ugandan,No,No,Yes,Product Management,10X Scholarship,2025-12-11,September 2025,Bachelor's Degree,Employed,2025,12
Female,Ugandan,No,No,Yes,Product Management,10X Scholarship,2025-12-11,September 2025,Bachelor's Degree,Employed,2025,12
Female,Ugandan,No,No,Yes,Product Management,10X Scholarship,2025-12-11,September 2025,Bachelor's Degree,Employed,2025,12
Female,Ugandan,No,Yes,Yes,Product Management,10X Scholarship,2025-12-11,September 2025,Bachelor's Degree,Employed,2025,12
Female,Ugandan,No,No,Yes,Product Management,10X Scholarship,2025-12-11,September 2025,Bachelor's Degree,Open to work,2025,12
Female,Ugandan,No,No,Yes,Product Management,10X Scholarship,2025-12-11,September 2025,Bachelor's Degree,Employed,2025,12
Female,Ugandan,No,No,Yes,Product Management,10X Scholarship,2025-12-11,September 2025,Bachelor's Degree,Employed,2025,12
Female,Ugandan,No,No,Yes,Product Management,10X Scholarship,2025-12-11,September 2025,Bachelor's Degree,Employed,2025,12
Female,Ugandan,No,No,Yes,Product Management,10X Scholarship,2025-12-11,September 2025,Bachelor's Degree,Employed,2025,12
Female,Ugandan,No,Yes,Yes,Product Management,Self-sponsored,2025-12-11,September 2025,Bachelor's Degree,Employed,2025,12
Female,Ugandan,No,Yes,Yes,Product Management,10X Scholarship,2025-12-11,September 2025,Bachelor's Degree,Employed,2025,12
Female,Ugandan,No,No,Yes,Product Management,10X Scholarship,2025-12-11,September 2025,Bachelor's Degree,Employed,2025,12
Female,Ugandan,No,No,Yes,Product Management,10X Scholarship,2025-12-11,September 2025,UCE,Employed,2025,12
Female,Ugandan,No,No,Yes,Product Management,10X Scholarship,2025-12-11,September 2025,Bachelor's Degree,Employed,2025,12
Female,Ugandan,No,No,Yes,Product Management,10X Scholarship,2025-12-11,September 2025,UCE,Open to work,2025,12
Female,Ugandan,No,No,Yes,Product Management,10X Scholarship,2025-12-11,September 2025,Bachelor's Degree,Open to work,2025,12
Female,Ugandan,No,No,Yes,Product Management,10X Scholarship,2025-12-11,September 2025,Bachelor's Degree,Employed,2025,12
Female,Ugandan,No,No,Yes,Product Management,10X Scholarship,2025-12-11,September 2025,Bachelor's Degree,Employed,2025,12
Female,Ugandan,No,No,Yes,Product Management,10X Scholarship,2025-12-11,September 2025,Diploma,Employed,2025,12
Female,Ugandan,No,No,Yes,Product Management,10X Scholarship,2025-12-11,September 2025,Bachelor's Degree,Employed,2025,12
Female,Ugandan,No,No,Yes,Product Management,10X Scholarship,2025-12-11,September 2025,Bachelor's Degree,Employed,2025,12
Female,Rwandan,No,No,Yes,Product Management,Self-sponsored,2025-12-11,September 2025,Diploma,Employed,2025,12
Female,Ugandan,No,No,Yes,Product Management,10X Scholarship,2025-12-11,September 2025,Bachelor's Degree,Employed,2025,12
Female,Ugandan,No,Yes,Yes,Product Management,10X Scholarship,2025-12-11,September 2025,Bachelor's Degree,Employed,2025,12
Female,Ugandan,No,No,Yes,Product Management,10X Scholarship,2025-12-11,September 2025,Bachelor's Degree,Employed,2025,12
Female,Ugandan,No,No,Yes,Product Management,10X Scholarship,2025-12-11,September 2025,Certificate,Employed,2025,12
Female,Ugandan,No,No,Yes,Product Management,10X Scholarship,2025-12-11,September 2025,Bachelor's Degree,Employed,2025,12
Female,Ugandan,No,No,Yes,Product Management,10X Scholarship,2025-12-11,September 2025,Master's Degree,Employed,2025,12
Female,Ugandan,No,No,Yes,Product Management,10X Scholarship,2025-12-11,September 2025,Bachelor's Degree,Open to work,2025,12
Female,Ugandan,No,No,Yes,Product Management,10X Scholarship,2025-12-11,September 2025,Bachelor's Degree,Employed,2025,12
Female,Ugandan,No,No,Yes,Product Management,10X Scholarship,2025-12-11,September 2025,Diploma,Employed,2025,12
Female,Congolese,Yes,No,Yes,Product Management,10X Scholarship,2025-12-11,September 2025,UACE,Employed,2025,12
Female,Ugandan,No,No,Yes,Product Management,10X Scholarship,2025-12-11,September 2025,Diploma,Open to work,2025,12
Female,Ugandan,No,No,Yes,Data Science & ML,10X Scholarship,2025-12-11,September 2025,Bachelor's Degree,Employed,2025,12
Female,Ugandan,No,No,Yes,Data Science & ML,10X Scholarship,2025-12-11,September 2025,Post Graduate Diploma,Employed,2025,12
Female,Ugandan,No,No,Yes,Data Science & ML,10X Scholarship,2025-12-11,September 2025,UACE,Open to work,2025,12
Female,Ugandan,No,No,Yes,Data Science & ML,10X Scholarship,2025-12-11,September 2025,Bachelor's Degree,Employed,2025,12
Female,Ugandan,No,No,Yes,Data Science & ML,10X Scholarship,2025-12-11,September 2025,Bachelor's Degree,Employed,2025,12
Female,Ugandan,No,No,Yes,Data Science & ML,10X Scholarship,2025-12-11,September 2025,UACE,Employed,2025,12
Female,Ugandan,No,No,Yes,Data Science & ML,10X Scholarship,2025-12-11,September 2025,Bachelor's Degree,Employed,2025,12
Female,Ugandan,No,No,Yes,Data Science & ML,10X Scholarship,2025-12-11,September 2025,Bachelor's Degree,Employed,2025,12
Male,Ugandan,No,No,Yes,Data Science & ML,Self-sponsored,2025-12-11,September 2025,Bachelor's Degree,Employed,2025,12
Female,Ugandan,No,No,Yes,Data Science & ML,10X Scholarship,2025-12-11,September 2025,Bachelor's Degree,Employed,2025,12
Female,Ugandan,No,No,Yes,Data Science & ML,10X Scholarship,2025-12-11,September 2025,Bachelor's Degree,Employed,2025,12
Female,Ugandan,No,No,Yes,Data Science & ML,10X Scholarship,2025-12-11,September 2025,UACE,Open to work,2025,12
Female,Ugandan,No,No,Yes,Data Science & ML,10X Scholarship,2025-12-11,September 2025,Bachelor's Degree,Employed,2025,12
Female,Ugandan,No,No,Yes,Data Science & ML,10X Scholarship,2025-12-11,September 2025,Bachelor's Degree,Employed,2025,12
Female,Ugandan,No,No,Yes,Data Science & ML,10X Scholarship,2025-12-11,September 2025,UACE,Open to work,2025,12
Female,Ugandan,No,No,Yes,Data Science & ML,10X Scholarship,2025-12-11,September 2025,Bachelor's Degree,Employed,2025,12
Female,Ugandan,No,No,Yes,Data Science & ML,10X Scholarship,2025-12-11,September 2025,Bachelor's Degree,Employed,2025,12
Female,Ugandan,No,No,Yes,Data Science & ML,10X Scholarship,2025-12-11,September 2025,Post Graduate Diploma,Employed,2025,12
Female,Ugandan,No,No,Yes,Data Science & ML,10X Scholarship,2025-12-11,September 2025,UACE,Employed,2025,12
Female,Ugandan,No,No,Yes,Data Science & ML,10X Scholarship,2025-12-11,September 2025,Bachelor's Degree,Employed,2025,12
Female,Ugandan,No,No,Yes,Data Science & ML,10X Scholarship,2025-12-11,September 2025,Bachelor's Degree,Employed,2025,12
Male,Ugandan,No,No,Yes,Data Science & ML,Self-sponsored,2025-12-11,September 2025,Bachelor's Degree,Employed,2025,12
Female,Ugandan,No,No,Yes,Data Science & ML,10X Scholarship,2025-12-11,September 2025,Bachelor's Degree,Employed,2025,12
Female,Ugandan,No,No,Yes,Data Science & ML,10X Scholarship,2025-12-11,September 2025,Bachelor's Degree,Employed,2025,12
Female,Ugandan,No,No,Yes,Data Science & ML,10X Scholarship,2025-12-11,September 2025,Bachelor's Degree,Employed,2025,12
Female,Ugandan,No,No,Yes,Data Science & ML,10X Scholarship,2025-12-11,September 2025,Certificate,Employed,2025,12
Female,Ugandan,No,No,Yes,Data Science & ML,10X Scholarship,2025-12-11,September 2025,Bachelor's Degree,Open to work,2025,12
Female,Sudanese,Yes,No,Yes,Data Science & ML,10X Scholarship,2025-12-11,September 2025,Bachelor's Degree,Open to work,2025,12
Female,Ugandan,No,No,Yes,Data Science & ML,10X Scholarship,2025-12-11,September 2025,Bachelor's Degree,Employed,2025,12
Female,Ugandan,No,No,Yes,Data Science & ML,10X Scholarship,2025-12-11,September 2025,Bachelor's Degree,Employed,2025,12
Female,Ugandan,No,No,Yes,Data Science & ML,10X Scholarship,2025-12-11,September 2025,Diploma,Open to work,2025,12
Female,Ugandan,No,No,Yes,Data Science & ML,10X Scholarship,2025-12-11,September 2025,Bachelor's Degree,Employed,2025,12
Female,Ugandan,No,Yes,Yes,Data Science & ML,10X Scholarship,2025-12-11,September 2025,Bachelor's Degree,Employed,2025,12
Female,Ugandan,No,No,Yes,Data Science & ML,10X Scholarship,2025-12-11,September 2025,Bachelor's Degree,Employed,2025,12
Female,Ugandan,No,No,Yes,Data Science & ML,10X Scholarship,2025-12-11,September 2025,Bachelor's Degree,Employed,2025,12
Male,Eritrean,Yes,No,Yes,Data Science & ML,Self-sponsored,2025-12-11,September 2025,Certificate,Open to work,2025,12
Female,Ugandan,No,No,Yes,Data Science & ML,10X Scholarship,2025-12-11,September 2025,Post Graduate Diploma,Employed,2025,12
Female,Ugandan,No,No,Yes,Data Science & ML,Self-sponsored,2025-12-11,September 2025,Bachelor's Degree,Employed,2025,12
Female,Ugandan,No,No,Yes,Data Science & ML,10X Scholarship,2025-12-11,September 2025,UACE,Employed,2025,12
Female,Ugandan,No,No,Yes,Data Science & ML,Self-sponsored,2025-12-11,September 2025,Bachelor's Degree,Employed,2025,12
Female,Ugandan,No,No,Yes,Data Science & ML,10X Scholarship,2025-12-11,September 2025,Bachelor's Degree,Employed,2025,12
Female,Ugandan,No,No,Yes,Data Science & ML,10X Scholarship,2025-12-11,September 2025,Bachelor's Degree,Employed,2025,12
Female,Ugandan,No,No,Yes,Data Science & ML,10X Scholarship,2025-12-11,September 2025,Bachelor's Degree,Employed,2025,12
Male,Ugandan,No,No,Yes,Cloud Computing,UNDP Scholarship,2025-12-05,July 2025,Master's Degree,Open to work,2025,12
Female,Ugandan,No,No,Yes,AI/ML,UNDP Scholarship,2025-12-05,July 2025,Master's Degree,Employed,2025,12
Male,Ugandan,No,No,Yes,AI/ML,UNDP Scholarship,2025-12-05,July 2025,Bachelor's Degree,Employed,2025,12
Female,Ugandan,No,No,Yes,Data Science & ML,UNDP Scholarship,2025-12-05,July 2025,Bachelor's Degree,Open to work,2025,12
Female,Ugandan,No,No,Yes,Foundations of Software Development,10X Scholarship,2026-06-01,Mop Up Jan 2026,Unknown,Employed,2026,6
Female,Ugandan,No,No,Yes,Foundations of Software Development,10X Scholarship,2026-06-01,Mop Up Jan 2026,Bachelor's Degree,Employed,2026,6
Female,Ugandan,No,No,Yes,Foundations of Software Development,10X Scholarship,2026-06-01,Mop Up Jan 2026,Diploma,Employed,2026,6
Female,Ugandan,No,No,Yes,Foundations of Software Development,10X Scholarship,2026-06-01,Mop Up Jan 2026,Certificate,Open to work,2026,6
Female,Ugandan,No,Yes,Yes,Foundations of Software Development,10X Scholarship,2026-06-01,Mop Up Jan 2026,UACE,Open to work,2026,6
Female,Ugandan,No,No,Yes,Foundations of Software Development,10X Scholarship,2026-06-01,Mop Up Jan 2026,Bachelor's Degree,Open to work,2026,6
Female,Ugandan,No,No,Yes,Foundations of Software Development,10X Scholarship,2026-06-01,Mop Up Jan 2026,Bachelor's Degree,Open to work,2026,6
Female,Ugandan,No,No,Yes,Foundations of Software Development,10X Scholarship,2026-06-01,Mop Up Jan 2026,Unknown,Employed,2026,6
Female,Ugandan,No,No,Yes,Foundations of Software Development,10X Scholarship,2026-06-01,Mop Up Jan 2026,Unknown,Employed,2026,6
Female,Ugandan,No,No,Yes,Foundations of Software Development,10X Scholarship,2026-06-01,Mop Up Jan 2026,Unknown,Employed,2026,6
Female,Ugandan,No,No,Yes,Foundations of Software Development,10X Scholarship,2026-06-01,Mop Up Jan 2026,Unknown,Employed,2026,6
Female,Ugandan,No,No,Yes,Foundations of Software Development,10X Scholarship,2026-06-01,Mop Up Jan 2026,Unknown,Employed,2026,6
Female,Ugandan,No,No,Yes,Foundations of Software Development,10X Scholarship,2026-06-01,Mop Up Jan 2026,Unknown,Employed,2026,6
Female,Ugandan,No,No,Yes,Foundations of Software Development,10X Scholarship,2026-06-01,Mop Up Jan 2026,Unknown,Employed,2026,6
Female,Ugandan,No,No,Yes,Foundations of Software Development,10X Scholarship,2026-06-01,Mop Up Jan 2026,Unknown,Employed,2026,6
Female,Ugandan,No,No,Yes,Foundations of Software Development,10X Scholarship,2026-06-01,Mop Up Jan 2026,Bachelor's Degree,Open to work,2026,6
Female,Ugandan,No,No,Yes,Foundations of Software Development,10X Scholarship,2026-06-01,Mop Up Jan 2026,Certificate,Employed,2026,6
Female,Ugandan,No,No,Yes,Foundations of Software Development,10X Scholarship,2026-06-01,Mop Up Jan 2026,UCE,Open to work,2026,6
Female,Ugandan,No,No,Yes,Foundations of Software Development,10X Scholarship,2026-06-01,Mop Up Jan 2026,UCE,Employed,2026,6
Female,Ugandan,No,No,Yes,Foundations of Software Development,10X Scholarship,2026-06-01,Mop Up Jan 2026,UCE,Open to work,2026,6
Female,Ugandan,No,No,Yes,Foundations of Software Development,10X Scholarship,2026-06-01,Mop Up Jan 2026,UCE,Open to work,2026,6
Female,Ugandan,No,No,Yes,Foundations of Software Development,10X Scholarship,2026-06-01,Mop Up Jan 2026,Diploma,Employed,2026,6
Female,Ugandan,No,No,Yes,Foundations of Software Development,10X Scholarship,2026-06-01,Mop Up Jan 2026,UCE,Open to work,2026,6
Female,Ugandan,No,No,Yes,Foundations of Software Development,10X Scholarship,2026-06-01,Mop Up Jan 2026,UCE,Open to work,2026,6
Female,Ugandan,No,Yes,Yes,Foundations of Software Development,10X Scholarship,2026-06-01,Mop Up Jan 2026,Diploma,Open to work,2026,6
Female,Ugandan,No,No,Yes,Foundations of Software Development,10X Scholarship,2026-06-01,Mop Up Jan 2026,UCE,Open to work,2026,6
Female,Ugandan,No,No,Yes,Foundations of Software Development,10X Scholarship,2026-06-01,Mop Up Jan 2026,Bachelor's Degree,Open to work,2026,6
Female,Ugandan,No,Yes,Yes,Foundations of Software Development,10X Scholarship,2026-06-01,Mop Up Jan 2026,UCE,Open to work,2026,6
Female,Ugandan,No,No,Yes,Foundations of Software Development,10X Scholarship,2026-06-01,Mop Up Jan 2026,UCE,Open to work,2026,6
Female,Ugandan,No,Yes,Yes,Foundations of Software Development,10X Scholarship,2026-06-01,Mop Up Jan 2026,UCE,Open to work,2026,6
Female,Ugandan,No,No,Yes,Foundations of Software Development,10X Scholarship,2026-06-01,Mop Up Jan 2026,Diploma,Employed,2026,6
Female,Ugandan,No,No,Yes,Foundations of Software Development,10X Scholarship,2026-06-01,Mop Up Jan 2026,UCE,Open to work,2026,6
Female,Ugandan,No,No,Yes,Foundations of Software Development,10X Scholarship,2026-06-01,Mop Up Jan 2026,UACE,Open to work,2026,6
Female,Ugandan,No,No,Yes,Foundations of Software Development,10X Scholarship,2026-06-01,Mop Up Jan 2026,UACE,Open to work,2026,6
Female,Ugandan,No,No,Yes,Foundations of Software Development,10X Scholarship,2026-06-01,Mop Up Jan 2026,Unknown,Employed,2026,6
Female,Ugandan,No,No,Yes,Foundations of Software Development,10X Scholarship,2026-06-01,Mop Up Jan 2026,Bachelor's Degree,Employed,2026,6
Female,Ugandan,No,No,Yes,Foundations of Software Development,10X Scholarship,2026-06-01,Mop Up Jan 2026,Unknown,Open to work,2026,6
Female,Ugandan,No,Yes,Yes,Foundations of Software Development,10X Scholarship,2026-06-01,Mop Up Jan 2026,UCE,Open to work,2026,6
Female,Ugandan,No,No,Yes,Foundations of Software Development,10X Scholarship,2026-06-01,Mop Up Jan 2026,UCE,Open to work,2026,6
Female,Ugandan,No,No,Yes,Foundations of Software Development,10X Scholarship,2026-06-01,Mop Up Jan 2026,Unknown,Employed,2026,6
Female,Ugandan,No,Yes,Yes,Foundations of Software Development,10X Scholarship,2026-06-01,Mop Up Jan 2026,UCE,Open to work,2026,6
Female,Ugandan,No,No,Yes,Foundations of Software Development,10X Scholarship,2026-06-01,Mop Up Jan 2026,Unknown,Open to work,2026,6
Female,Ugandan,No,No,Yes,Foundations of Software Development,10X Scholarship,2026-06-01,Mop Up Jan 2026,Unknown,Open to work,2026,6
Female,Ugandan,No,No,Yes,Foundations of Software Development,10X Scholarship,2026-06-01,Mop Up Jan 2026,UCE,Open to work,2026,6
Female,Ugandan,No,No,Yes,Foundations of Software Development,10X Scholarship,2026-06-01,Mop Up Jan 2026,Unknown,Employed,2026,6
Female,Ugandan,No,No,Yes,Foundations of Software Development,10X Scholarship,2026-06-01,Mop Up Jan 2026,Unknown,Open to work,2026,6
Female,Ugandan,No,No,Yes,Foundations of Software Development,10X Scholarship,2026-06-01,Mop Up Jan 2026,Bachelor's Degree,Open to work,2026,6
Female,Ugandan,No,No,Yes,Foundations of Software Development,10X Scholarship,2026-06-01,Mop Up Jan 2026,UCE,Open to work,2026,6
Female,Ugandan,No,No,Yes,Foundations of Software Development,10X Scholarship,2026-06-01,Mop Up Jan 2026,Unknown,Open to work,2026,6
Female,Ugandan,No,No,Yes,Foundations of Software Development,10X Scholarship,2026-06-01,Mop Up Jan 2026,Bachelor's Degree,Open to work,2026,6
Female,Ugandan,No,No,Yes,Foundations of Software Development,10X Scholarship,2026-06-01,Mop Up Jan 2026,Bachelor's Degree,Open to work,2026,6
Female,Ugandan,No,No,Yes,Foundations of Software Development,10X Scholarship,2026-06-01,Mop Up Jan 2026,Unknown,Open to work,2026,6
Female,Ugandan,No,No,Yes,Foundations of Software Development,10X Scholarship,2026-06-01,Mop Up Jan 2026,Unknown,Employed,2026,6
Female,Ugandan,No,No,Yes,Foundations of Software Development,10X Scholarship,2026-06-01,Mop Up Jan 2026,UCE,Open to work,2026,6
Female,Ugandan,No,No,Yes,Foundations of Software Development,10X Scholarship,2026-06-01,Mop Up Jan 2026,UCE,Open to work,2026,6
Female,Ugandan,No,No,Yes,Foundations of Software Development,10X Scholarship,2026-06-01,Mop Up Jan 2026,Unknown,Open to work,2026,6
Female,Ugandan,No,No,Yes,Foundations of Software Development,10X Scholarship,2026-06-01,Mop Up Jan 2026,Certificate,Open to work,2026,6
Female,Ugandan,No,No,Yes,Foundations of Software Development,10X Scholarship,2026-06-01,Mop Up Jan 2026,Unknown,Open to work,2026,6
Female,Ugandan,No,No,Yes,Foundations of Software Development,10X Scholarship,2026-06-01,Mop Up Jan 2026,Unknown,Employed,2026,6
Female,Ugandan,No,No,Yes,Foundations of Software Development,10X Scholarship,2026-06-01,Mop Up Jan 2026,Unknown,Employed,2026,6
Female,Ugandan,No,No,Yes,Foundations of Software Development,10X Scholarship,2026-06-01,Mop Up Jan 2026,Unknown,Open to work,2026,6
Female,Ugandan,No,No,Yes,Foundations of Software Development,10X Scholarship,2026-06-01,Mop Up Jan 2026,UCE,Open to work,2026,6
Female,Ugandan,No,No,Yes,Foundations of Software Development,10X Scholarship,2026-06-01,Mop Up Jan 2026,Bachelor's Degree,Employed,2026,6
Female,Ugandan,No,No,Yes,Foundations of Software Development,10X Scholarship,2026-06-01,Mop Up Jan 2026,UCE,Open to work,2026,6
Female,Ugandan,No,No,Yes,Foundations of Software Development,10X Scholarship,2026-06-01,Mop Up Jan 2026,UCE,Open to work,2026,6
Female,Ugandan,No,No,Yes,Foundations of Software Development,10X Scholarship,2026-06-01,Mop Up Jan 2026,Bachelor's Degree,Employed,2026,6
Female,Ugandan,No,No,Yes,Foundations of Software Development,10X Scholarship,2026-06-01,Mop Up Jan 2026,Unknown,Employed,2026,6
Female,Ugandan,No,No,Yes,Foundations of Software Development,10X Scholarship,2026-06-01,Mop Up Jan 2026,Bachelor's Degree,Open to work,2026,6
Female,Ugandan,No,No,Yes,Foundations of Software Development,10X Scholarship,2026-06-01,Mop Up Jan 2026,Unknown,Employed,2026,6
Female,Ugandan,No,No,Yes,Foundations of Software Development,10X Scholarship,2026-06-01,Mop Up Jan 2026,UCE,Open to work,2026,6
Female,Ugandan,No,No,Yes,Foundations of Software Development,10X Scholarship,2026-06-01,Mop Up Jan 2026,Unknown,Employed,2026,6
Female,Ugandan,No,No,Yes,Foundations of Software Development,10X Scholarship,2026-06-01,Mop Up Jan 2026,Bachelor's Degree,Open to work,2026,6
Female,Ugandan,No,No,Yes,Foundations of Software Development,10X Scholarship,2026-06-01,Mop Up Jan 2026,Certificate,Open to work,2026,6
Female,Ugandan,No,No,Yes,Foundations of Software Development,10X Scholarship,2026-06-01,Mop Up Jan 2026,Unknown,Open to work,2026,6
Female,Ugandan,No,No,Yes,Foundations of Software Development,10X Scholarship,2026-06-01,Mop Up Jan 2026,Unknown,Employed,2026,6
Female,Ugandan,No,No,Yes,Foundations of Software Development,10X Scholarship,2026-06-01,Mop Up Jan 2026,Unknown,Open to work,2026,6
Female,Ugandan,No,No,Yes,Foundations of Software Development,10X Scholarship,2026-06-01,Mop Up Jan 2026,Bachelor's Degree,Open to work,2026,6
Female,Ugandan,No,No,Yes,Foundations of Software Development,10X Scholarship,2026-06-01,Mop Up Jan 2026,Unknown,Open to work,2026,6
Female,Ugandan,No,No,Yes,Foundations of Software Development,10X Scholarship,2026-06-01,Mop Up Jan 2026,Unknown,Employed,2026,6
Female,Ugandan,No,No,Yes,Foundations of Software Development,10X Scholarship,2026-06-01,Mop Up Jan 2026,UCE,Open to work,2026,6
Female,Ugandan,No,No,Yes,Foundations of Software Development,10X Scholarship,2026-06-01,Mop Up Jan 2026,Unknown,Open to work,2026,6
Female,Ugandan,No,No,Yes,Foundations of Software Development,10X Scholarship,2026-06-01,Mop Up Jan 2026,Unknown,Open to work,2026,6
Female,Ugandan,No,No,Yes,Foundations of Software Development,10X Scholarship,2026-06-01,Mop Up Jan 2026,Unknown,Employed,2026,6
Female,Ugandan,No,No,Yes,Foundations of Software Development,10X Scholarship,2026-06-01,Mop Up Jan 2026,Unknown,Open to work,2026,6
Female,Ugandan,No,No,Yes,Foundations of Software Development,10X Scholarship,2026-06-01,Mop Up Jan 2026,Unknown,Open to work,2026,6
Female,Ugandan,No,No,Yes,Foundations of Software Development,10X Scholarship,2026-06-01,Mop Up Jan 2026,Unknown,Open to work,2026,6
Female,Ugandan,No,No,Yes,Foundations of Software Development,10X Scholarship,2026-06-01,Mop Up Jan 2026,Unknown,Employed,2026,6
Female,Ugandan,No,No,Yes,Foundations of Software Development,10X Scholarship,2026-06-01,Mop Up Jan 2026,Unknown,Employed,2026,6
Female,Ugandan,No,No,Yes,Foundations of Software Development,10X Scholarship,2026-06-01,Mop Up Jan 2026,UCE,Employed,2026,6
Female,Ugandan,No,No,Yes,Foundations of Software Development,10X Scholarship,2026-06-01,Mop Up Jan 2026,Unknown,Open to work,2026,6
Female,Ugandan,No,No,Yes,Foundations of Software Development,10X Scholarship,2026-06-01,Mop Up Jan 2026,Unknown,Open to work,2026,6
Female,Ugandan,No,No,Yes,Foundations of Software Development,10X Scholarship,2026-06-01,Mop Up Jan 2026,Unknown,Open to work,2026,6
Female,Ugandan,No,No,Yes,Foundations of Software Development,10X Scholarship,2026-06-01,Mop Up Jan 2026,Unknown,Open to work,2026,6
Female,Ugandan,No,No,Yes,Foundations of Software Development,10X Scholarship,2026-06-01,Mop Up Jan 2026,Unknown,Employed,2026,6
Female,Ugandan,No,No,Yes,Foundations of Software Development,10X Scholarship,2026-06-01,Mop Up Jan 2026,Unknown,Open to work,2026,6
Female,Ugandan,No,No,Yes,Foundations of Software Development,10X Scholarship,2026-06-01,Mop Up Jan 2026,Unknown,Open to work,2026,6
Female,Ugandan,No,No,Yes,Foundations of Software Development,10X Scholarship,2026-06-01,Mop Up Jan 2026,Unknown,Open to work,2026,6
Female,Ugandan,No,No,Yes,Foundations of Software Development,10X Scholarship,2026-06-01,Mop Up Jan 2026,Unknown,Employed,2026,6
Female,Ugandan,No,No,Yes,Foundations of Software Development,10X Scholarship,2026-06-01,Mop Up Jan 2026,Unknown,Open to work,2026,6
Female,Ugandan,No,No,Yes,Foundations of Software Development,10X Scholarship,2026-06-01,Mop Up Jan 2026,Unknown,Open to work,2026,6
Female,Ugandan,No,No,Yes,Foundations of Software Development,10X Scholarship,2026-06-01,Mop Up Jan 2026,Unknown,Open to work,2026,6
Female,Ugandan,No,No,Yes,Foundations of Software Development,10X Scholarship,2026-06-01,Mop Up Jan 2026,Unknown,Open to work,2026,6
Female,Ugandan,No,No,Yes,Foundations of Software Development,10X Scholarship,2026-06-01,Mop Up Jan 2026,Unknown,Employed,2026,6
Female,Ugandan,No,No,Yes,Foundations of Software Development,10X Scholarship,2026-06-01,Mop Up Jan 2026,Unknown,Open to work,2026,6
Female,Ugandan,No,No,Yes,Foundations of Software Development,10X Scholarship,2026-06-01,Mop Up Jan 2026,Unknown,Open to work,2026,6
Female,Ugandan,No,No,Yes,Foundations of Software Development,10X Scholarship,2026-06-01,Mop Up Jan 2026,Unknown,Open to work,2026,6
Female,Ugandan,No,No,Yes,Foundations of Software Development,10X Scholarship,2026-06-01,Mop Up Jan 2026,Unknown,Open to work,2026,6
Female,Ugandan,No,No,Yes,Foundations of Software Development,10X Scholarship,2026-06-01,Mop Up Jan 2026,Unknown,Open to work,2026,6
Female,Ugandan,No,No,Yes,Foundations of Software Development,10X Scholarship,2026-06-01,Mop Up Jan 2026,Unknown,Open to work,2026,6
Female,Ugandan,No,No,Yes,Foundations of Software Development,10X Scholarship,2026-06-01,Mop Up Jan 2026,Unknown,Employed,2026,6
Female,Ugandan,No,No,Yes,Foundations of Software Development,10X Scholarship,2026-06-01,Mop Up Jan 2026,Unknown,Open to work,2026,6
Female,Ugandan,No,No,Yes,Foundations of Software Development,10X Scholarship,2026-06-01,Mop Up Jan 2026,Unknown,Open to work,2026,6
Female,Ugandan,No,No,Yes,Foundations of Software Development,10X Scholarship,2026-06-01,Mop Up Jan 2026,Unknown,Employed,2026,6
Female,Ugandan,No,No,Yes,Foundations of Software Development,10X Scholarship,2026-06-01,Mop Up Jan 2026,Unknown,Open to work,2026,6
Female,Ugandan,No,Yes,Yes,Foundations of Software Development,10X Scholarship,2026-06-01,Mop Up Jan 2026,Unknown,Employed,2026,6
Female,Ugandan,No,No,Yes,Foundations of Software Development,10X Scholarship,2026-06-01,Mop Up Jan 2026,Unknown,Open to work,2026,6
Female,Ugandan,No,No,Yes,Foundations of Software Development,10X Scholarship,2026-06-01,Mop Up Jan 2026,Unknown,Open to work,2026,6
Female,Ugandan,No,No,Yes,Foundations of Software Development,10X Scholarship,2026-06-01,Mop Up Jan 2026,UCE,Employed,2026,6
Female,Ugandan,No,No,Yes,Foundations of Software Development,10X Scholarship,2026-06-01,Mop Up Jan 2026,Unknown,Open to work,2026,6
Female,Ugandan,No,No,Yes,Foundations of Software Development,10X Scholarship,2026-06-01,Mop Up Jan 2026,Unknown,Open to work,2026,6
Female,Ugandan,No,No,Yes,Foundations of Software Development,10X Scholarship,2026-06-01,Mop Up Jan 2026,Unknown,Open to work,2026,6
Female,Ugandan,No,No,Yes,Foundations of Software Development,10X Scholarship,2026-06-01,Mop Up Jan 2026,Unknown,Open to work,2026,6
Female,Ugandan,No,No,Yes,Foundations of Software Development,10X Scholarship,2026-06-01,Mop Up Jan 2026,Unknown,Open to work,2026,6
Female,Ugandan,No,No,Yes,Foundations of Software Development,10X Scholarship,2026-06-01,Mop Up Jan 2026,Unknown,Open to work,2026,6
Female,Ugandan,No,No,Yes,Foundations of Software Development,10X Scholarship,2026-06-01,Mop Up Jan 2026,Unknown,Open to work,2026,6
Female,Ugandan,No,No,Yes,Foundations of Software Development,10X Scholarship,2026-06-01,Mop Up Jan 2026,Unknown,Open to work,2026,6
Female,Ugandan,No,No,Yes,Foundations of Software Development,10X Scholarship,2026-06-01,Mop Up Jan 2026,Unknown,Open to work,2026,6
Female,Ugandan,No,No,Yes,Foundations of Software Development,10X Scholarship,2026-06-01,Mop Up Jan 2026,Unknown,Open to work,2026,6
Female,Ugandan,No,No,Yes,Foundations of Software Development,10X Scholarship,2026-06-01,Mop Up Jan 2026,Unknown,Open to work,2026,6
Female,Ugandan,No,No,Yes,Foundations of Software Development,10X Scholarship,2026-06-01,Mop Up Jan 2026,Unknown,Open to work,2026,6
Female,Ugandan,No,No,Yes,Foundations of Software Development,10X Scholarship,2026-06-01,Mop Up Jan 2026,Unknown,Open to work,2026,6
Female,Ugandan,No,No,Yes,Foundations of Software Development,10X Scholarship,2026-06-01,Mop Up Jan 2026,Unknown,Open to work,2026,6
Female,Ugandan,No,No,Yes,Foundations of Software Development,10X Scholarship,2026-06-01,Mop Up Jan 2026,Unknown,Open to work,2026,6
Female,Ugandan,No,No,Yes,Foundations of Software Development,10X Scholarship,2026-06-01,Mop Up Jan 2026,Unknown,Open to work,2026,6
Female,Ugandan,No,No,Yes,Foundations of Software Development,10X Scholarship,2026-06-01,Mop Up Jan 2026,Unknown,Open to work,2026,6
Female,Ugandan,No,No,Yes,Foundations of Software Development,10X Scholarship,2026-06-01,Mop Up Jan 2026,Unknown,Open to work,2026,6
Female,Ugandan,No,No,Yes,Foundations of Software Development,10X Scholarship,2026-06-01,Mop Up Jan 2026,Unknown,Open to work,2026,6
Female,Ugandan,No,No,Yes,Foundations of Software Development,10X Scholarship,2026-06-01,Mop Up Jan 2026,Unknown,Employed,2026,6
Female,Ugandan,No,No,Yes,Foundations of Software Development,10X Scholarship,2026-06-01,Mop Up Jan 2026,Unknown,Employed,2026,6
Female,Ugandan,No,No,Yes,Foundations of Software Development,10X Scholarship,2026-06-01,Mop Up Jan 2026,Unknown,Open to work,2026,6
Female,Ugandan,No,No,Yes,Foundations of Software Development,10X Scholarship,2026-06-01,Mop Up Jan 2026,Unknown,Open to work,2026,6
Female,Ugandan,No,No,Yes,Foundations of Software Development,10X Scholarship,2026-06-01,Mop Up Jan 2026,Unknown,Employed,2026,6
Female,Ugandan,No,No,Yes,Foundations of Software Development,10X Scholarship,2026-06-01,Mop Up Jan 2026,Unknown,Open to work,2026,6
Female,Ugandan,No,No,Yes,Foundations of Software Development,10X Scholarship,2026-06-01,Mop Up Jan 2026,UACE,Employed,2026,6
Female,Ugandan,No,No,Yes,Foundations of Software Development,10X Scholarship,2026-06-01,Mop Up Jan 2026,Unknown,Open to work,2026,6
Female,Ugandan,No,No,Yes,Foundations of Software Development,10X Scholarship,2026-06-01,Mop Up Jan 2026,Unknown,Open to work,2026,6
Female,Ugandan,No,No,Yes,Foundations of Software Development,10X Scholarship,2026-06-01,Mop Up Jan 2026,Unknown,Employed,2026,6
Female,Ugandan,No,No,Yes,Foundations of Software Development,10X Scholarship,2026-06-01,Mop Up Jan 2026,Unknown,Employed,2026,6
Female,Ugandan,No,No,Yes,Foundations of Software Development,10X Scholarship,2026-06-01,Mop Up Jan 2026,Unknown,Open to work,2026,6
Female,Ugandan,No,No,Yes,Foundations of Software Development,10X Scholarship,2026-06-01,Mop Up Jan 2026,Unknown,Open to work,2026,6
Female,Ugandan,No,No,Yes,Foundations of Software Development,10X Scholarship,2026-06-01,Mop Up Jan 2026,Unknown,Open to work,2026,6
Female,Ugandan,No,No,Yes,Foundations of Software Development,10X Scholarship,2026-06-01,Mop Up Jan 2026,Unknown,Open to work,2026,6
Female,Ugandan,No,No,Yes,Foundations of Software Development,10X Scholarship,2026-06-01,Mop Up Jan 2026,Unknown,Employed,2026,6
Female,Ugandan,No,No,Yes,Foundations of Software Development,10X Scholarship,2026-06-01,Mop Up Jan 2026,Unknown,Open to work,2026,6
Female,Ugandan,No,No,Yes,Foundations of Software Development,10X Scholarship,2026-06-01,Mop Up Jan 2026,Unknown,Open to work,2026,6
Female,Ugandan,No,No,Yes,Foundations of Software Development,10X Scholarship,2026-06-01,Mop Up Jan 2026,Unknown,Open to work,2026,6
Female,Ugandan,No,No,Yes,Foundations of Software Development,10X Scholarship,2026-06-01,Mop Up Jan 2026,Unknown,Open to work,2026,6
Female,Ugandan,No,No,Yes,Foundations of Software Development,10X Scholarship,2026-06-01,Mop Up Jan 2026,Unknown,Open to work,2026,6
Female,Ugandan,No,No,Yes,Foundations of Software Development,10X Scholarship,2026-06-01,Mop Up Jan 2026,Unknown,Open to work,2026,6
Female,Ugandan,No,No,Yes,Foundations of Software Development,10X Scholarship,2026-06-01,Mop Up Jan 2026,Unknown,Open to work,2026,6
Female,Ugandan,No,No,Yes,Foundations of Software Development,10X Scholarship,2026-06-01,Mop Up Jan 2026,Unknown,Open to work,2026,6
Female,Ugandan,No,No,Yes,Foundations of Software Development,10X Scholarship,2026-06-01,Mop Up Jan 2026,Unknown,Employed,2026,6
Female,Ugandan,No,No,Yes,Foundations of Software Development,10X Scholarship,2026-06-01,Mop Up Jan 2026,Unknown,Open to work,2026,6
Female,Ugandan,No,No,Yes,Foundations of Software Development,10X Scholarship,2026-06-01,Mop Up Jan 2026,Unknown,Open to work,2026,6
Female,Ugandan,No,No,Yes,Foundations of Software Development,10X Scholarship,2026-06-01,Mop Up Jan 2026,Unknown,Open to work,2026,6
Female,Ugandan,No,No,Yes,Foundations of Software Development,10X Scholarship,2026-06-01,Mop Up Jan 2026,Unknown,Open to work,2026,6
Female,Ugandan,No,No,Yes,Foundations of Software Development,10X Scholarship,2026-06-01,Mop Up Jan 2026,Unknown,Open to work,2026,6
Female,Ugandan,No,No,Yes,Foundations of Software Development,10X Scholarship,2026-06-01,Mop Up Jan 2026,Unknown,Open to work,2026,6
Female,Ugandan,No,No,Yes,Foundations of Software Development,10X Scholarship,2026-06-01,Mop Up Jan 2026,Unknown,Open to work,2026,6
Female,Ugandan,No,No,Yes,Foundations of Software Development,10X Scholarship,2026-06-01,Mop Up Jan 2026,Unknown,Open to work,2026,6
Female,Ugandan,No,No,Yes,Foundations of Software Development,10X Scholarship,2026-06-01,Mop Up Jan 2026,Unknown,Open to work,2026,6
Female,Ugandan,No,No,Yes,Foundations of Software Development,10X Scholarship,2026-06-01,Mop Up Jan 2026,Unknown,Open to work,2026,6
Female,Ugandan,No,No,Yes,Foundations of Software Development,10X Scholarship,2026-06-01,Mop Up Jan 2026,Unknown,Employed,2026,6
Female,Ugandan,No,No,Yes,Foundations of Software Development,10X Scholarship,2026-06-01,Mop Up Jan 2026,Unknown,Open to work,2026,6
Female,Ugandan,No,No,Yes,Foundations of Software Development,10X Scholarship,2026-06-01,Mop Up Jan 2026,Unknown,Open to work,2026,6
Female,Ugandan,No,No,Yes,Foundations of Software Development,10X Scholarship,2026-06-01,Mop Up Jan 2026,Unknown,Open to work,2026,6
Female,Ugandan,No,No,Yes,Foundations of Software Development,10X Scholarship,2026-06-01,Mop Up Jan 2026,Unknown,Employed,2026,6
Female,Ugandan,No,No,Yes,Foundations of Software Development,10X Scholarship,2026-06-01,Mop Up Jan 2026,Unknown,Open to work,2026,6
Female,Ugandan,No,No,Yes,Foundations of Software Development,10X Scholarship,2026-06-01,Mop Up Jan 2026,Unknown,Employed,2026,6
Female,Ugandan,No,No,Yes,Foundations of Software Development,10X Scholarship,2026-06-01,Mop Up Jan 2026,Unknown,Open to work,2026,6
Female,Ugandan,No,No,Yes,Foundations of Software Development,10X Scholarship,2026-06-01,Mop Up Jan 2026,Unknown,Open to work,2026,6
Female,Ugandan,No,No,Yes,Foundations of Software Development,10X Scholarship,2026-06-01,Mop Up Jan 2026,Unknown,Open to work,2026,6
Female,Ugandan,No,No,Yes,Foundations of Software Development,10X Scholarship,2026-06-01,Mop Up Jan 2026,Unknown,Open to work,2026,6
Female,Ugandan,No,No,Yes,Foundations of Software Development,10X Scholarship,2026-06-01,Mop Up Jan 2026,Unknown,Open to work,2026,6
Female,Ugandan,No,No,Yes,Foundations of Software Development,10X Scholarship,2026-06-01,Mop Up Jan 2026,Unknown,Open to work,2026,6
Female,Ugandan,No,No,Yes,Foundations of Software Development,10X Scholarship,2026-06-01,Mop Up Jan 2026,Unknown,Open to work,2026,6
Female,Ugandan,No,No,Yes,Foundations of Software Development,10X Scholarship,2026-06-01,Mop Up Jan 2026,Unknown,Open to work,2026,6
Female,Ugandan,No,No,Yes,Foundations of Software Development,10X Scholarship,2026-06-01,Mop Up Jan 2026,Unknown,Open to work,2026,6
Female,Ugandan,No,No,Yes,Foundations of Software Development,10X Scholarship,2026-06-01,Mop Up Jan 2026,Unknown,Open to work,2026,6
Female,Ugandan,No,Yes,Yes,Foundations of Software Development,10X Scholarship,2026-06-01,Mop Up Jan 2026,Unknown,Open to work,2026,6
Female,Ugandan,No,No,Yes,Foundations of Software Development,10X Scholarship,2026-06-01,Mop Up Jan 2026,Unknown,Employed,2026,6
Female,Ugandan,No,No,Yes,Foundations of Software Development,10X Scholarship,2026-06-01,Mop Up Jan 2026,Unknown,Employed,2026,6
Female,Ugandan,No,No,Yes,Foundations of Software Development,10X Scholarship,2026-06-01,Mop Up Jan 2026,Unknown,Open to work,2026,6
Female,Ugandan,No,No,Yes,Foundations of Software Development,10X Scholarship,2026-06-01,Mop Up Jan 2026,Unknown,Open to work,2026,6
Female,Ugandan,No,No,Yes,Foundations of Software Development,10X Scholarship,2026-06-01,Mop Up Jan 2026,Unknown,Open to work,2026,6
Female,Ugandan,No,No,Yes,Foundations of Software Development,10X Scholarship,2026-06-01,Mop Up Jan 2026,Unknown,Open to work,2026,6
Female,Ugandan,No,No,Yes,Foundations of Software Development,10X Scholarship,2026-06-01,Mop Up Jan 2026,Unknown,Employed,2026,6
Female,Ugandan,No,No,Yes,Foundations of Software Development,10X Scholarship,2026-06-01,Mop Up Jan 2026,Unknown,Open to work,2026,6
Female,Ugandan,No,No,Yes,Foundations of Software Development,10X Scholarship,2026-06-01,Mop Up Jan 2026,Unknown,Employed,2026,6
Female,Ugandan,No,No,Yes,Foundations of Software Development,10X Scholarship,2026-06-01,Mop Up Jan 2026,Unknown,Employed,2026,6
Female,Ugandan,No,No,Yes,Foundations of Software Development,10X Scholarship,2026-06-01,Mop Up Jan 2026,Unknown,Employed,2026,6
Female,Ugandan,No,No,Yes,Foundations of Software Development,10X Scholarship,2026-06-01,Mop Up Jan 2026,Unknown,Employed,2026,6
Female,Ugandan,No,No,Yes,Foundations of Software Development,10X Scholarship,2026-06-01,Mop Up Jan 2026,Unknown,Open to work,2026,6
Female,Ugandan,No,No,Yes,Foundations of Software Development,10X Scholarship,2026-06-01,Mop Up Jan 2026,Unknown,Employed,2026,6
Female,Ugandan,No,No,Yes,Foundations of Software Development,10X Scholarship,2026-06-01,Mop Up Jan 2026,Unknown,Employed,2026,6
Female,Ugandan,No,No,Yes,Foundations of Software Development,10X Scholarship,2026-06-01,Mop Up Jan 2026,Unknown,Employed,2026,6
Female,Ugandan,No,No,Yes,Foundations of Software Development,10X Scholarship,2026-06-01,Mop Up Jan 2026,Unknown,Open to work,2026,6
Female,Ugandan,No,No,Yes,Foundations of Software Development,10X Scholarship,2026-06-01,Mop Up Jan 2026,Unknown,Open to work,2026,6
Female,Ugandan,No,No,Yes,Foundations of Software Development,10X Scholarship,2026-06-01,Mop Up Jan 2026,Unknown,Open to work,2026,6
Female,Ugandan,No,No,Yes,Foundations of Software Development,10X Scholarship,2026-06-01,Mop Up Jan 2026,Unknown,Open to work,2026,6
Female,Ugandan,No,Yes,Yes,Foundations of Software Development,10X Scholarship,2026-06-01,Mop Up Jan 2026,Unknown,Open to work,2026,6
Female,Ugandan,No,No,Yes,Foundations of Software Development,10X Scholarship,2026-06-01,Mop Up Jan 2026,Unknown,Open to work,2026,6
Female,Ugandan,No,No,Yes,Foundations of Software Development,10X Scholarship,2026-06-01,Mop Up Jan 2026,Unknown,Open to work,2026,6
Female,Ugandan,No,No,Yes,Foundations of Software Development,10X Scholarship,2026-06-01,Mop Up Jan 2026,Unknown,Open to work,2026,6
Female,Ugandan,No,No,Yes,Foundations of Software Development,10X Scholarship,2026-06-01,Mop Up Jan 2026,Unknown,Open to work,2026,6
Female,Ugandan,No,No,Yes,Foundations of Software Development,10X Scholarship,2026-06-01,Mop Up Jan 2026,Unknown,Open to work,2026,6
Female,Ugandan,No,No,Yes,Foundations of Software Development,10X Scholarship,2026-06-01,Mop Up Jan 2026,Unknown,Open to work,2026,6
Female,Ugandan,No,No,Yes,Foundations of Software Development,10X Scholarship,2026-06-01,Mop Up Jan 2026,Unknown,Open to work,2026,6
Female,Ugandan,No,No,Yes,Foundations of Software Development,10X Scholarship,2026-06-01,Mop Up Jan 2026,Unknown,Employed,2026,6
Female,Ugandan,No,No,Yes,Foundations of Software Development,10X Scholarship,2026-06-01,Mop Up Jan 2026,Unknown,Employed,2026,6
Female,Ugandan,No,No,Yes,Foundations of Software Development,10X Scholarship,2026-06-01,Mop Up Jan 2026,Unknown,Employed,2026,6
Female,Ugandan,No,No,Yes,Foundations of Software Development,10X Scholarship,2026-06-01,Mop Up Jan 2026,Unknown,Open to work,2026,6
Female,Ugandan,No,No,Yes,Foundations of Software Development,10X Scholarship,2026-06-01,Mop Up Jan 2026,Unknown,Open to work,2026,6
Female,Ugandan,No,No,Yes,Foundations of Software Development,10X Scholarship,2026-06-01,Mop Up Jan 2026,Unknown,Open to work,2026,6
Female,Ugandan,No,No,Yes,Foundations of Software Development,10X Scholarship,2026-06-01,Mop Up Jan 2026,Unknown,Open to work,2026,6
Female,Ugandan,No,No,Yes,Foundations of Software Development,10X Scholarship,2026-06-01,Mop Up Jan 2026,Unknown,Open to work,2026,6
Female,Ugandan,No,No,Yes,Foundations of Software Development,10X Scholarship,2026-06-01,Mop Up Jan 2026,Unknown,Employed,2026,6
Female,Ugandan,No,No,Yes,Foundations of Software Development,10X Scholarship,2026-06-01,Mop Up Jan 2026,Unknown,Open to work,2026,6
Female,Ugandan,No,Yes,Yes,Foundations of Software Development,10X Scholarship,2026-06-01,Mop Up May 2026,Unknown,Employed,2026,6
Female,Ugandan,No,Yes,Yes,Foundations of Software Development,10X Scholarship,2026-06-01,Mop Up May 2026,Unknown,Employed,2026,6
Female,Ugandan,No,No,Yes,Foundations of Software Development,10X Scholarship,2026-06-01,Mop Up Jan 2026,Unknown,Employed,2026,6
Female,Ugandan,No,No,Yes,Foundations of Software Development,10X Scholarship,2026-06-01,Mop Up Jan 2026,Unknown,Open to work,2026,6
Female,Ugandan,No,No,Yes,Foundations of Software Development,10X Scholarship,2026-06-01,Mop Up Jan 2026,Unknown,Open to work,2026,6
Female,Ugandan,No,No,Yes,Foundations of Software Development,10X Scholarship,2026-06-01,Mop Up Jan 2026,Unknown,Open to work,2026,6
Female,Ugandan,No,No,Yes,Foundations of Software Development,10X Scholarship,2026-06-01,Mop Up Jan 2026,Unknown,Employed,2026,6
Female,Ugandan,No,No,Yes,Foundations of Software Development,10X Scholarship,2026-06-01,Mop Up Jan 2026,Unknown,Open to work,2026,6
Female,Ugandan,No,No,Yes,Foundations of Software Development,10X Scholarship,2026-06-01,Mop Up Jan 2026,Unknown,Employed,2026,6
Female,Ugandan,No,Yes,Yes,Foundations of Software Development,10X Scholarship,2026-06-01,Mop Up Jan 2026,Unknown,Employed,2026,6
Female,Ugandan,No,No,Yes,Foundations of Software Development,10X Scholarship,2026-06-01,Mop Up Jan 2026,Unknown,Open to work,2026,6
Female,Ugandan,No,No,Yes,Foundations of Software Development,10X Scholarship,2026-06-01,Mop Up Jan 2026,Unknown,Open to work,2026,6
Female,Ugandan,No,No,Yes,Foundations of Software Development,10X Scholarship,2026-06-01,Mop Up Jan 2026,Unknown,Open to work,2026,6
Female,Ugandan,No,No,Yes,Foundations of Software Development,10X Scholarship,2026-06-01,Mop Up Jan 2026,Unknown,Open to work,2026,6
Female,Ugandan,No,No,Yes,Foundations of Software Development,10X Scholarship,2026-06-01,Mop Up Jan 2026,Unknown,Open to work,2026,6
Female,Ugandan,No,No,Yes,Foundations of Software Development,10X Scholarship,2026-06-01,Mop Up Jan 2026,Unknown,Open to work,2026,6
Female,Ugandan,No,No,Yes,Foundations of Software Development,10X Scholarship,2026-06-01,Mop Up Jan 2026,Unknown,Employed,2026,6
Female,Ugandan,No,No,Yes,Foundations of Software Development,10X Scholarship,2026-06-01,Mop Up Jan 2026,Unknown,Open to work,2026,6
Female,Ugandan,No,No,Yes,Foundations of Software Development,10X Scholarship,2026-06-01,Mop Up Jan 2026,Unknown,Employed,2026,6
Female,Ugandan,No,No,Yes,Foundations of Software Development,10X Scholarship,2026-06-01,Mop Up Jan 2026,Unknown,Open to work,2026,6
Female,Ugandan,No,No,Yes,Foundations of Software Development,10X Scholarship,2026-06-01,Mop Up Jan 2026,Unknown,Open to work,2026,6
Female,Ugandan,No,No,Yes,Foundations of Software Development,10X Scholarship,2026-06-01,Mop Up Jan 2026,Unknown,Employed,2026,6
Female,Ugandan,No,No,Yes,Foundations of Software Development,10X Scholarship,2026-06-01,Mop Up Jan 2026,Unknown,Open to work,2026,6
Female,Ugandan,No,No,Yes,Foundations of Software Development,10X Scholarship,2026-06-01,Mop Up Jan 2026,Unknown,Open to work,2026,6
Female,Ugandan,No,No,Yes,Foundations of Software Development,10X Scholarship,2026-06-01,Mop Up Jan 2026,Unknown,Open to work,2026,6
Female,Ugandan,No,No,Yes,Foundations of Software Development,10X Scholarship,2026-06-01,Mop Up Jan 2026,Unknown,Open to work,2026,6
Female,Ugandan,No,No,Yes,Foundations of Software Development,10X Scholarship,2026-06-01,Mop Up Jan 2026,Unknown,Open to work,2026,6
Female,Ugandan,No,No,Yes,Foundations of Software Development,10X Scholarship,2026-06-01,Mop Up Jan 2026,Unknown,Open to work,2026,6
Female,Ugandan,No,No,Yes,Foundations of Software Development,10X Scholarship,2026-06-01,Mop Up Jan 2026,Unknown,Open to work,2026,6
Female,Ugandan,No,No,Yes,Foundations of Software Development,10X Scholarship,2026-06-01,Mop Up Jan 2026,Unknown,Open to work,2026,6
Female,Ugandan,No,No,Yes,Foundations of Software Development,10X Scholarship,2026-06-01,Mop Up Jan 2026,Unknown,Open to work,2026,6
Female,Ugandan,No,No,Yes,Foundations of Software Development,10X Scholarship,2026-06-01,Mop Up Jan 2026,Unknown,Employed,2026,6
Female,Ugandan,No,No,Yes,Foundations of Software Development,10X Scholarship,2026-06-01,Mop Up Jan 2026,Unknown,Employed,2026,6
Female,Ugandan,No,No,Yes,Foundations of Software Development,10X Scholarship,2026-06-01,Mop Up Jan 2026,Unknown,Open to work,2026,6
Female,Ugandan,No,No,Yes,Foundations of Software Development,10X Scholarship,2026-06-01,Mop Up Jan 2026,Unknown,Employed,2026,6
Female,Ugandan,No,No,Yes,Foundations of Software Development,10X Scholarship,2026-06-01,Mop Up Jan 2026,Unknown,Open to work,2026,6
Female,Ugandan,No,No,Yes,Foundations of Software Development,10X Scholarship,2026-06-01,Mop Up Jan 2026,Unknown,Open to work,2026,6
Female,Ugandan,No,No,Yes,Foundations of Software Development,10X Scholarship,2026-06-01,Mop Up Jan 2026,Unknown,Employed,2026,6
Female,Ugandan,No,No,Yes,Foundations of Software Development,10X Scholarship,2026-06-01,Mop Up Jan 2026,Unknown,Open to work,2026,6
Female,Ugandan,No,No,Yes,Foundations of Software Development,10X Scholarship,2026-06-01,Mop Up Jan 2026,Unknown,Employed,2026,6
Female,Ugandan,No,No,Yes,Foundations of Software Development,10X Scholarship,2026-06-01,Mop Up Jan 2026,Unknown,Open to work,2026,6
Female,Ugandan,No,No,Yes,Foundations of Software Development,10X Scholarship,2026-06-01,Mop Up Jan 2026,Unknown,Open to work,2026,6
Female,Ugandan,No,No,Yes,Foundations of Software Development,10X Scholarship,2026-06-01,Mop Up Jan 2026,Unknown,Open to work,2026,6
Female,Ugandan,No,No,Yes,Foundations of Software Development,10X Scholarship,2026-06-01,Mop Up Jan 2026,Unknown,Open to work,2026,6
Female,Ugandan,No,No,Yes,Foundations of Software Development,10X Scholarship,2026-06-01,Mop Up Jan 2026,Unknown,Open to work,2026,6
Female,Ugandan,No,No,Yes,Foundations of Software Development,10X Scholarship,2026-06-01,Mop Up Jan 2026,Unknown,Open to work,2026,6
Female,Ugandan,No,No,Yes,Foundations of Software Development,10X Scholarship,2026-06-01,Mop Up Jan 2026,Unknown,Open to work,2026,6
Female,Ugandan,No,No,Yes,Foundations of Software Development,10X Scholarship,2026-06-01,Mop Up Jan 2026,Unknown,Open to work,2026,6
Female,Ugandan,No,Yes,Yes,Foundations of Software Development,10X Scholarship,2026-06-01,Mop Up Jan 2026,Unknown,Open to work,2026,6
Female,Ugandan,No,No,Yes,Foundations of Software Development,10X Scholarship,2026-06-01,Mop Up Jan 2026,Unknown,Open to work,2026,6
Female,Ugandan,No,No,Yes,Foundations of Software Development,10X Scholarship,2026-06-01,Mop Up Jan 2026,Unknown,Open to work,2026,6
Female,Ugandan,No,No,Yes,Foundations of Software Development,10X Scholarship,2026-06-01,Mop Up Jan 2026,Unknown,Open to work,2026,6
Female,Ugandan,No,No,Yes,Foundations of Software Development,10X Scholarship,2026-06-01,Mop Up Jan 2026,Unknown,Open to work,2026,6
Female,Ugandan,No,No,Yes,Foundations of Software Development,10X Scholarship,2026-06-01,Mop Up Jan 2026,Bachelor's Degree,Employed,2026,6
Female,Ugandan,No,Yes,Yes,Foundations of Software Development,10X Scholarship,2026-06-01,Mop Up Jan 2026,Unknown,Employed,2026,6
Female,Ugandan,No,No,Yes,Foundations of Software Development,10X Scholarship,2026-06-01,Mop Up Jan 2026,Unknown,Open to work,2026,6
Female,Ugandan,No,No,Yes,Foundations of Software Development,10X Scholarship,2026-06-01,Mop Up Jan 2026,Unknown,Open to work,2026,6
Female,Ugandan,No,No,Yes,Foundations of Software Development,10X Scholarship,2026-06-01,Mop Up Jan 2026,Unknown,Open to work,2026,6
Female,Ugandan,No,No,Yes,Foundations of Software Development,10X Scholarship,2026-06-01,Mop Up Jan 2026,Unknown,Open to work,2026,6
Female,Ugandan,No,No,Yes,Foundations of Software Development,10X Scholarship,2026-06-01,Mop Up Jan 2026,Unknown,Open to work,2026,6
Female,Ugandan,No,No,Yes,Foundations of Software Development,10X Scholarship,2026-06-01,Mop Up Jan 2026,Unknown,Employed,2026,6
Female,Ugandan,No,No,Yes,Foundations of Software Development,10X Scholarship,2026-06-01,Mop Up Jan 2026,Unknown,Open to work,2026,6
Female,Ugandan,No,No,Yes,Foundations of Software Development,10X Scholarship,2026-06-01,Mop Up Jan 2026,Unknown,Open to work,2026,6
Female,Ugandan,No,No,Yes,Foundations of Software Development,10X Scholarship,2026-06-01,Mop Up Jan 2026,Unknown,Open to work,2026,6
Female,Ugandan,No,No,Yes,Foundations of Software Development,10X Scholarship,2026-06-01,Mop Up Jan 2026,Unknown,Open to work,2026,6
Female,Ugandan,No,No,Yes,Foundations of Software Development,10X Scholarship,2026-06-01,Mop Up Jan 2026,Unknown,Open to work,2026,6
Female,Ugandan,No,No,Yes,Foundations of Software Development,10X Scholarship,2026-06-01,Mop Up Jan 2026,Unknown,Employed,2026,6
Female,Ugandan,No,No,Yes,Foundations of Software Development,10X Scholarship,2026-06-01,Mop Up Jan 2026,Unknown,Open to work,2026,6
Female,Ugandan,No,No,Yes,Foundations of Software Development,10X Scholarship,2026-06-01,Mop Up Jan 2026,Unknown,Employed,2026,6
Female,Ugandan,No,No,Yes,Foundations of Software Development,10X Scholarship,2026-06-01,Mop Up Jan 2026,Unknown,Employed,2026,6
Female,Ugandan,No,No,Yes,Foundations of Software Development,10X Scholarship,2026-06-01,Mop Up Jan 2026,Unknown,Open to work,2026,6
Female,Ugandan,No,No,Yes,Foundations of Software Development,10X Scholarship,2026-06-01,Mop Up Jan 2026,Unknown,Open to work,2026,6
Female,Ugandan,No,No,Yes,Foundations of Software Development,10X Scholarship,2026-06-01,Mop Up Jan 2026,Unknown,Open to work,2026,6
Female,Ugandan,No,No,Yes,Foundations of Software Development,10X Scholarship,2026-06-01,Mop Up Jan 2026,Unknown,Open to work,2026,6
Female,Ugandan,No,No,Yes,Foundations of Software Development,10X Scholarship,2026-06-01,Mop Up Jan 2026,Unknown,Open to work,2026,6
Female,Ugandan,No,No,Yes,Foundations of Software Development,10X Scholarship,2026-06-01,Mop Up Jan 2026,Unknown,Employed,2026,6
Female,Ugandan,No,No,Yes,Foundations of Software Development,10X Scholarship,2026-06-01,Mop Up Jan 2026,Unknown,Open to work,2026,6
Female,Ugandan,No,No,Yes,Foundations of Software Development,10X Scholarship,2026-06-01,Mop Up Jan 2026,Unknown,Open to work,2026,6
Female,Ugandan,No,No,Yes,Foundations of Software Development,10X Scholarship,2026-06-01,Mop Up Jan 2026,Unknown,Open to work,2026,6
Female,Ugandan,No,No,Yes,Foundations of Software Development,10X Scholarship,2026-06-01,Mop Up Jan 2026,Unknown,Employed,2026,6
Female,Ugandan,No,No,Yes,Foundations of Software Development,10X Scholarship,2026-06-01,Mop Up Jan 2026,Unknown,Employed,2026,6
Female,Ugandan,No,No,Yes,Foundations of Software Development,10X Scholarship,2026-06-01,Mop Up Jan 2026,Unknown,Open to work,2026,6
Female,Ugandan,No,No,Yes,Foundations of Software Development,10X Scholarship,2026-06-01,Mop Up Jan 2026,Unknown,Open to work,2026,6
Female,Ugandan,No,No,Yes,Foundations of Software Development,10X Scholarship,2026-06-01,Mop Up Jan 2026,Unknown,Open to work,2026,6
Female,Ugandan,No,No,Yes,Foundations of Software Development,10X Scholarship,2026-06-01,Mop Up Jan 2026,Unknown,Open to work,2026,6
Female,Ugandan,No,No,Yes,Foundations of Software Development,10X Scholarship,2026-06-01,Mop Up Jan 2026,Unknown,Open to work,2026,6
Female,Ugandan,No,No,Yes,Foundations of Software Development,10X Scholarship,2026-06-01,Mop Up Jan 2026,Unknown,Open to work,2026,6
Female,Ugandan,No,No,Yes,Foundations of Software Development,10X Scholarship,2026-06-01,Mop Up Jan 2026,Unknown,Open to work,2026,6
Female,Ugandan,No,No,Yes,Foundations of Software Development,10X Scholarship,2026-06-01,Mop Up Jan 2026,Unknown,Open to work,2026,6
Female,Ugandan,No,No,Yes,Foundations of Software Development,10X Scholarship,2026-06-01,Mop Up Jan 2026,Unknown,Open to work,2026,6
Female,Ugandan,No,No,Yes,Foundations of Software Development,10X Scholarship,2026-06-01,Mop Up Jan 2026,Diploma,Employed,2026,6
Female,Ugandan,No,No,Yes,Foundations of Software Development,10X Scholarship,2026-06-01,Mop Up Jan 2026,Unknown,Employed,2026,6
Female,Ugandan,No,No,Yes,Foundations of Software Development,10X Scholarship,2026-06-01,Mop Up Jan 2026,Unknown,Open to work,2026,6
Female,Ugandan,No,No,Yes,Foundations of Software Development,10X Scholarship,2026-06-01,Mop Up Jan 2026,Unknown,Open to work,2026,6
Female,Ugandan,No,No,Yes,Foundations of Software Development,10X Scholarship,2026-06-01,Mop Up Jan 2026,Unknown,Open to work,2026,6
Female,Ugandan,No,No,Yes,Foundations of Software Development,10X Scholarship,2026-06-01,Mop Up Jan 2026,Unknown,Open to work,2026,6
Female,Ugandan,No,No,Yes,Foundations of Software Development,10X Scholarship,2026-06-01,Mop Up Jan 2026,UCE,Employed,2026,6
Female,Ugandan,No,No,Yes,Foundations of Software Development,10X Scholarship,2026-06-01,Mop Up Jan 2026,Unknown,Open to work,2026,6
Female,Ugandan,No,No,Yes,Foundations of Software Development,10X Scholarship,2026-06-01,Mop Up Jan 2026,Unknown,Open to work,2026,6
Female,Ugandan,No,No,Yes,Foundations of Software Development,10X Scholarship,2026-06-01,Mop Up Jan 2026,Unknown,Open to work,2026,6
Female,Ugandan,No,No,Yes,Foundations of Software Development,10X Scholarship,2026-06-01,Mop Up Jan 2026,Unknown,Open to work,2026,6
Female,Ugandan,No,No,Yes,Foundations of Software Development,10X Scholarship,2026-06-01,Mop Up Jan 2026,Unknown,Open to work,2026,6
Female,Ugandan,No,No,Yes,Foundations of Software Development,10X Scholarship,2026-06-01,Mop Up Jan 2026,Unknown,Open to work,2026,6
Female,Ugandan,No,No,Yes,Foundations of Software Development,10X Scholarship,2026-06-01,Mop Up Jan 2026,Unknown,Open to work,2026,6
Female,Ugandan,No,No,Yes,Foundations of Software Development,10X Scholarship,2026-06-01,Mop Up Jan 2026,Unknown,Open to work,2026,6
Female,Ugandan,No,No,Yes,Foundations of Software Development,10X Scholarship,2026-06-01,Mop Up Jan 2026,Bachelor's Degree,Employed,2026,6
Female,Ugandan,No,No,Yes,Foundations of Software Development,10X Scholarship,2026-06-01,Mop Up Jan 2026,Unknown,Open to work,2026,6
Female,Ugandan,No,No,Yes,Foundations of Software Development,10X Scholarship,2026-06-01,Mop Up Jan 2026,Unknown,Open to work,2026,6
Female,Ugandan,No,No,Yes,Foundations of Software Development,10X Scholarship,2026-06-01,Mop Up Jan 2026,Certificate,Employed,2026,6
Female,Ugandan,No,No,Yes,Foundations of Software Development,10X Scholarship,2026-06-01,Mop Up Jan 2026,Diploma,Employed,2026,6
Female,Ugandan,No,No,Yes,Foundations of Software Development,10X Scholarship,2026-06-01,Mop Up Jan 2026,Unknown,Open to work,2026,6
Female,Ugandan,No,No,Yes,Foundations of Software Development,10X Scholarship,2026-06-01,Mop Up Jan 2026,Unknown,Open to work,2026,6
Female,Ugandan,No,No,Yes,Foundations of Software Development,10X Scholarship,2026-06-01,Mop Up Jan 2026,Unknown,Open to work,2026,6
Female,Ugandan,No,No,Yes,Foundations of Software Development,10X Scholarship,2026-06-01,Mop Up Jan 2026,Unknown,Open to work,2026,6
Female,Ugandan,No,No,Yes,Foundations of Software Development,10X Scholarship,2026-06-01,Mop Up Jan 2026,Unknown,Open to work,2026,6
Female,Ugandan,No,No,Yes,Foundations of Software Development,10X Scholarship,2026-06-01,Mop Up Jan 2026,Unknown,Open to work,2026,6
Female,Ugandan,No,No,Yes,Foundations of Software Development,10X Scholarship,2026-06-01,Mop Up Jan 2026,Unknown,Employed,2026,6
Female,Ugandan,No,No,Yes,Foundations of Software Development,10X Scholarship,2026-06-01,Mop Up Jan 2026,Unknown,Open to work,2026,6
Female,Ugandan,No,No,Yes,Foundations of Software Development,10X Scholarship,2026-06-01,Mop Up Jan 2026,Unknown,Open to work,2026,6
Female,Ugandan,No,No,Yes,Foundations of Software Development,10X Scholarship,2026-06-01,Mop Up Jan 2026,UCE,Employed,2026,6
Female,Ugandan,No,No,Yes,Foundations of Software Development,10X Scholarship,2026-06-01,Mop Up Jan 2026,Unknown,Employed,2026,6
Female,Ugandan,No,No,Yes,Foundations of Software Development,10X Scholarship,2026-06-01,Mop Up Jan 2026,Unknown,Open to work,2026,6
Female,Ugandan,No,No,Yes,Foundations of Software Development,10X Scholarship,2026-06-01,Mop Up Jan 2026,Unknown,Open to work,2026,6
Female,Ugandan,No,No,Yes,Foundations of Software Development,10X Scholarship,2026-06-01,Mop Up Jan 2026,Unknown,Open to work,2026,6
Female,Ugandan,No,No,Yes,Foundations of Software Development,10X Scholarship,2026-06-01,Mop Up Jan 2026,Unknown,Employed,2026,6
Female,Ugandan,No,No,Yes,Foundations of Software Development,10X Scholarship,2026-06-01,Mop Up Jan 2026,Unknown,Employed,2026,6
Female,Ugandan,No,No,Yes,Foundations of Software Development,10X Scholarship,2026-06-01,Mop Up Jan 2026,Unknown,Employed,2026,6
Female,Ugandan,No,No,Yes,Foundations of Software Development,10X Scholarship,2026-06-01,Mop Up Jan 2026,Unknown,Employed,2026,6
Female,Ugandan,No,No,Yes,Foundations of Software Development,10X Scholarship,2026-06-01,Mop Up Jan 2026,Unknown,Open to work,2026,6
Female,Ugandan,No,No,Yes,Foundations of Software Development,10X Scholarship,2026-06-01,Mop Up Jan 2026,Unknown,Open to work,2026,6
Female,Ugandan,No,No,Yes,Foundations of Software Development,10X Scholarship,2026-06-01,Mop Up Jan 2026,Unknown,Open to work,2026,6
Female,Ugandan,No,No,Yes,Foundations of Software Development,10X Scholarship,2026-06-01,Mop Up Jan 2026,Unknown,Open to work,2026,6
Female,Ugandan,No,No,Yes,Foundations of Software Development,10X Scholarship,2026-06-01,Mop Up Jan 2026,Unknown,Employed,2026,6
Female,Ugandan,No,No,Yes,Foundations of Software Development,10X Scholarship,2026-06-01,Mop Up Jan 2026,Unknown,Open to work,2026,6
Female,Ugandan,No,No,Yes,Foundations of Software Development,10X Scholarship,2026-06-01,Mop Up Jan 2026,Unknown,Employed,2026,6
Female,Ugandan,No,No,Yes,Apprenticeship,10X Scholarship,2026-03-25,June 2025,Bachelor's Degree,Employed,2026,3
Female,Ugandan,No,No,Yes,Apprenticeship,10X Scholarship,2026-03-25,June 2025,Bachelor's Degree,Employed,2026,3
Female,Ugandan,No,No,Yes,Apprenticeship,10X Scholarship,2026-03-25,June 2025,Diploma,Open to work,2026,3
Female,Ugandan,No,No,Yes,Apprenticeship,10X Scholarship,2026-03-25,July 2025,Bachelor's Degree,Employed,2026,3
Female,Ugandan,No,No,Yes,Apprenticeship,10X Scholarship,2026-03-25,June 2025,Bachelor's Degree,Open to work,2026,3
Female,Ugandan,No,No,Yes,Apprenticeship,10X Scholarship,2026-03-25,June 2025,Bachelor's Degree,Employed,2026,3
Female,Ugandan,No,No,Yes,Apprenticeship,10X Scholarship,2026-03-25,June 2025,Bachelor's Degree,Open to work,2026,3
Female,Ugandan,No,Yes,Yes,Apprenticeship,10X Scholarship,2026-03-25,July 2025,Diploma,Open to work,2026,3
Female,Ugandan,No,No,Yes,Apprenticeship,GB Talent,2026-03-25,June 2025,Unknown,Employed,2026,3
Female,Ugandan,No,No,Yes,Apprenticeship,GB Talent,2026-03-25,June 2025,Unknown,Employed,2026,3
Female,Ugandan,No,No,Yes,Apprenticeship,GB Talent,2026-03-25,June 2025,Unknown,Employed,2026,3
Female,Ugandan,No,No,Yes,Apprenticeship,GB Talent,2026-03-25,July 2025,Unknown,Employed,2026,3
Female,Ugandan,No,No,Yes,Apprenticeship,GB Talent,2026-03-25,June 2025,Unknown,Employed,2026,3
Female,Ugandan,No,No,Yes,Apprenticeship,GB Talent,2026-03-25,June 2025,Unknown,Employed,2026,3
Female,Ugandan,No,No,Yes,Apprenticeship,GB Talent,2026-03-25,June 2025,Unknown,Employed,2026,3
Female,Ugandan,No,No,Yes,Apprenticeship,GB Talent,2026-03-25,July 2025,Unknown,Employed,2026,3
Female,Ugandan,No,No,Yes,Apprenticeship,GB Talent,2026-03-25,June 2025,Unknown,Employed,2026,3
Female,Ugandan,No,No,Yes,Apprenticeship,GB Talent,2026-03-25,June 2025,Unknown,Employed,2026,3
Female,Ugandan,No,No,Yes,Apprenticeship,GB Talent,2026-03-25,June 2025,Unknown,Employed,2026,3
Female,Ugandan,No,No,Yes,Apprenticeship,GB Talent,2026-03-25,July 2025,Unknown,Employed,2026,3
Female,Ugandan,No,No,Yes,Apprenticeship,GB Talent,2026-03-25,June 2025,Unknown,Employed,2026,3
Female,Ugandan,No,No,Yes,Apprenticeship,GB Talent,2026-03-25,June 2025,Unknown,Employed,2026,3
Female,Ugandan,No,No,Yes,Apprenticeship,GB Talent,2026-03-25,June 2025,Unknown,Employed,2026,3
Female,Ugandan,No,No,Yes,Apprenticeship,GB Talent,2026-03-25,July 2025,Unknown,Employed,2026,3
Female,Ugandan,No,No,Yes,Apprenticeship,GB Talent,2026-03-25,June 2025,Unknown,Employed,2026,3
Female,Ugandan,No,No,Yes,Apprenticeship,GB Talent,2026-03-25,June 2025,Unknown,Employed,2026,3
Female,Ugandan,No,No,Yes,Apprenticeship,GB Talent,2026-03-25,June 2025,Unknown,Employed,2026,3
Female,Ugandan,No,No,Yes,Apprenticeship,UNDP Scholarship,2026-03-25,July 2025,Unknown,Employed,2026,3
Male,Ugandan,No,No,Yes,Apprenticeship,UNDP Scholarship,2026-03-25,June 2025,Unknown,Employed,2026,3
Male,Ugandan,No,No,Yes,Apprenticeship,UNDP Scholarship,2026-03-25,June 2025,Unknown,Open to work,2026,3
Male,Ugandan,No,No,Yes,Apprenticeship,UNDP Scholarship,2026-03-25,June 2025,Unknown,Open to work,2026,3
Male,Ugandan,No,No,Yes,Apprenticeship,UNDP Scholarship,2026-03-25,July 2025,Unknown,Open to work,2026,3
Male,Ugandan,No,No,Yes,Apprenticeship,UNDP Scholarship,2026-03-25,June 2025,Unknown,Employed,2026,3
Male,Ugandan,No,No,Yes,Apprenticeship,UNDP Scholarship,2026-03-25,June 2025,Unknown,Employed,2026,3
Male,Ugandan,No,No,Yes,Apprenticeship,UNDP Scholarship,2026-03-25,June 2025,Unknown,Employed,2026,3
Male,Ugandan,No,No,Yes,Apprenticeship,UNDP Scholarship,2026-03-25,July 2025,Unknown,Employed,2026,3
Female,Ugandan,No,No,Yes,Apprenticeship,UNDP Scholarship,2026-03-25,June 2025,Unknown,Employed,2026,3
Female,Ugandan,No,No,Yes,Apprenticeship,UNDP Scholarship,2026-03-25,June 2025,Unknown,Employed,2026,3
Male,Ugandan,No,No,Yes,Apprenticeship,UNDP Scholarship,2026-03-25,June 2025,Unknown,Open to work,2026,3
Male,Ugandan,No,No,Yes,Apprenticeship,UNDP Scholarship,2026-03-25,July 2025,Unknown,Open to work,2026,3
Female,Ugandan,No,No,Yes,Apprenticeship,UNDP Scholarship,2026-03-25,June 2025,Unknown,Employed,2026,3
Female,Ugandan,No,No,Yes,Foundations of Software Development,10X Scholarship,2026-06-01,Febuary 2026,Unknown,Open to work,2026,6
Female,Ugandan,No,No,Yes,Foundations of Software Development,10X Scholarship,2026-06-01,Febuary 2026,Unknown,Open to work,2026,6
Female,Ugandan,No,No,Yes,Foundations of Software Development,10X Scholarship,2026-06-01,Febuary 2026,Unknown,Open to work,2026,6
Female,Ugandan,No,No,Yes,Foundations of Software Development,10X Scholarship,2026-06-01,Febuary 2026,Unknown,Open to work,2026,6
Female,Ugandan,No,No,Yes,Foundations of Software Development,10X Scholarship,2026-06-01,Febuary 2026,Unknown,Open to work,2026,6
Female,Ugandan,No,No,Yes,Foundations of Software Development,10X Scholarship,2026-06-01,Febuary 2026,Unknown,Open to work,2026,6
Female,Ugandan,No,No,Yes,Foundations of Software Development,10X Scholarship,2026-06-01,Febuary 2026,Unknown,Open to work,2026,6
Female,Ugandan,No,No,Yes,Foundations of Software Development,10X Scholarship,2026-06-01,Febuary 2026,Unknown,Open to work,2026,6
Female,Ugandan,No,No,Yes,Foundations of Software Development,10X Scholarship,2026-06-01,Febuary 2026,Unknown,Open to work,2026,6
Female,Ugandan,No,No,Yes,Foundations of Software Development,10X Scholarship,2026-06-01,Febuary 2026,Unknown,Open to work,2026,6
Female,Ugandan,No,No,Yes,Foundations of Software Development,10X Scholarship,2026-06-01,Febuary 2026,Unknown,Open to work,2026,6
Female,Ugandan,No,No,Yes,Foundations of Software Development,10X Scholarship,2026-06-01,Febuary 2026,Unknown,Open to work,2026,6
Female,Ugandan,No,No,Yes,Foundations of Software Development,10X Scholarship,2026-06-01,Febuary 2026,Unknown,Employed,2026,6
Female,Ugandan,No,No,Yes,Foundations of Software Development,10X Scholarship,2026-06-01,Febuary 2026,Unknown,Open to work,2026,6
Female,South Sudanese,Yes,No,Yes,Foundations of Software Development,10X Scholarship,2026-06-01,Febuary 2026,UACE,Open to work,2026,6
Female,Ugandan,No,No,Yes,Foundations of Software Development,10X Scholarship,2026-06-01,Febuary 2026,Unknown,Open to work,2026,6
Female,Ugandan,No,No,Yes,Foundations of Software Development,10X Scholarship,2026-06-01,Febuary 2026,Unknown,Employed,2026,6
Female,Ugandan,No,No,Yes,Foundations of Software Development,10X Scholarship,2026-06-01,Febuary 2026,Unknown,Open to work,2026,6
Female,Ugandan,No,No,Yes,Foundations of Software Development,10X Scholarship,2026-06-01,Febuary 2026,Unknown,Open to work,2026,6
Female,Eritrean,Yes,No,Yes,Foundations of Software Development,10X Scholarship,2026-06-01,Febuary 2026,Certificate,Open to work,2026,6
Female,Ugandan,No,No,Yes,Foundations of Software Development,10X Scholarship,2026-06-01,Febuary 2026,Unknown,Open to work,2026,6
Female,Ugandan,No,No,Yes,Foundations of Software Development,10X Scholarship,2026-06-01,Febuary 2026,Unknown,Open to work,2026,6
Female,Ugandan,No,No,Yes,Foundations of Software Development,10X Scholarship,2026-06-01,Febuary 2026,Unknown,Open to work,2026,6
Female,Ugandan,No,No,Yes,Foundations of Software Development,10X Scholarship,2026-06-01,Febuary 2026,Unknown,Open to work,2026,6
Female,Ugandan,No,No,Yes,Foundations of Software Development,Self-sponsored,2026-06-01,Febuary 2026,Diploma,Employed,2026,6
Female,Ugandan,No,No,Yes,Foundations of Software Development,10X Scholarship,2026-06-01,Febuary 2026,Unknown,Open to work,2026,6
Female,Ugandan,No,No,Yes,Foundations of Software Development,10X Scholarship,2026-06-01,Febuary 2026,Unknown,Open to work,2026,6
Female,Ugandan,No,No,Yes,Foundations of Software Development,10X Scholarship,2026-06-01,Febuary 2026,Unknown,Open to work,2026,6
Female,Ugandan,No,No,Yes,Foundations of Software Development,10X Scholarship,2026-06-01,Febuary 2026,Unknown,Open to work,2026,6
Female,Ugandan,No,No,Yes,Foundations of Software Development,10X Scholarship,2026-06-01,Febuary 2026,Unknown,Open to work,2026,6
Female,Somali,Yes,No,Yes,Foundations of Software Development,10X Scholarship,2026-06-01,Febuary 2026,Unknown,Open to work,2026,6
Female,Ugandan,No,No,Yes,Foundations of Software Development,10X Scholarship,2026-06-01,Febuary 2026,Unknown,Open to work,2026,6
Female,Ugandan,No,No,Yes,Foundations of Software Development,10X Scholarship,2026-06-01,Febuary 2026,Unknown,Open to work,2026,6
Female,Ugandan,No,No,Yes,Foundations of Software Development,10X Scholarship,2026-06-01,Febuary 2026,Unknown,Open to work,2026,6
Female,Ugandan,No,No,Yes,Foundations of Software Development,10X Scholarship,2026-06-01,Febuary 2026,Unknown,Open to work,2026,6
Female,Ugandan,No,No,Yes,Foundations of Software Development,10X Scholarship,2026-06-01,Febuary 2026,Unknown,Open to work,2026,6
Female,Ugandan,No,No,Yes,Foundations of Software Development,10X Scholarship,2026-06-01,Febuary 2026,Unknown,Open to work,2026,6
Female,Somali,Yes,No,Yes,Foundations of Software Development,10X Scholarship,2026-06-01,Febuary 2026,Unknown,Open to work,2026,6
Female,Ethiopian,Yes,No,Yes,Foundations of Software Development,10X Scholarship,2026-06-01,Febuary 2026,Unknown,Open to work,2026,6
Female,Ugandan,No,No,Yes,Foundations of Software Development,10X Scholarship,2026-06-01,Febuary 2026,Unknown,Open to work,2026,6
Female,Ugandan,No,No,Yes,Foundations of Software Development,10X Scholarship,2026-06-01,Febuary 2026,Unknown,Employed,2026,6
Female,Ugandan,No,No,Yes,Foundations of Software Development,10X Scholarship,2026-06-01,Febuary 2026,Unknown,Open to work,2026,6
Female,Ugandan,No,No,Yes,Foundations of Software Development,10X Scholarship,2026-06-01,Febuary 2026,Unknown,Open to work,2026,6
Female,Ugandan,No,No,Yes,Foundations of Software Development,10X Scholarship,2026-06-01,Febuary 2026,Bachelor's Degree,Employed,2026,6
Female,Ugandan,No,No,Yes,Foundations of Software Development,10X Scholarship,2026-06-01,Febuary 2026,Unknown,Open to work,2026,6
Female,Ugandan,No,No,Yes,Foundations of Software Development,10X Scholarship,2026-06-01,Febuary 2026,Unknown,Open to work,2026,6
Female,Ugandan,No,No,Yes,Foundations of Software Development,10X Scholarship,2026-06-01,Febuary 2026,Unknown,Open to work,2026,6
Female,Ugandan,No,No,Yes,Foundations of Software Development,10X Scholarship,2026-06-01,Febuary 2026,Unknown,Open to work,2026,6
Female,Ugandan,No,No,Yes,Foundations of Software Development,10X Scholarship,2026-06-01,Febuary 2026,Unknown,Open to work,2026,6
Female,Ugandan,No,No,Yes,Foundations of Software Development,10X Scholarship,2026-06-01,Febuary 2026,Unknown,Open to work,2026,6
Female,Ugandan,No,No,Yes,Foundations of Software Development,10X Scholarship,2026-06-01,Febuary 2026,Unknown,Open to work,2026,6
Female,Ugandan,No,No,Yes,Foundations of Software Development,10X Scholarship,2026-06-01,Febuary 2026,Unknown,Open to work,2026,6
Female,Congolese,Yes,No,Yes,Foundations of Software Development,10X Scholarship,2026-06-01,Febuary 2026,Unknown,Open to work,2026,6
Female,Ugandan,No,No,Yes,Foundations of Software Development,10X Scholarship,2026-06-01,Febuary 2026,Unknown,Open to work,2026,6
Female,Ugandan,No,No,Yes,Foundations of Software Development,10X Scholarship,2026-06-01,Febuary 2026,Unknown,Open to work,2026,6
Female,Sudanese,Yes,No,Yes,Foundations of Software Development,10X Scholarship,2026-06-01,Febuary 2026,Unknown,Open to work,2026,6
Female,South Sudanese,Yes,No,Yes,Foundations of Software Development,10X Scholarship,2026-06-01,Febuary 2026,Unknown,Open to work,2026,6
Female,Ugandan,No,No,Yes,Foundations of Software Development,10X Scholarship,2026-06-01,Febuary 2026,Unknown,Open to work,2026,6
Female,Ugandan,No,No,Yes,Foundations of Software Development,10X Scholarship,2026-06-01,Febuary 2026,Unknown,Open to work,2026,6
Female,Ugandan,No,No,Yes,Foundations of Software Development,10X Scholarship,2026-06-01,Febuary 2026,Unknown,Open to work,2026,6
Female,Ugandan,No,No,Yes,Foundations of Software Development,10X Scholarship,2026-06-01,Febuary 2026,Unknown,Open to work,2026,6
Female,Ugandan,No,No,Yes,Foundations of Software Development,10X Scholarship,2026-06-01,Febuary 2026,Unknown,Employed,2026,6
Female,Ugandan,No,No,Yes,Foundations of Software Development,10X Scholarship,2026-06-01,Febuary 2026,Unknown,Open to work,2026,6
Female,Ugandan,No,No,Yes,Foundations of Software Development,10X Scholarship,2026-06-01,Febuary 2026,Unknown,Open to work,2026,6
Female,Ugandan,No,No,Yes,Foundations of Software Development,10X Scholarship,2026-06-01,Febuary 2026,Unknown,Open to work,2026,6
Female,Ugandan,No,No,Yes,Foundations of Software Development,10X Scholarship,2026-06-01,Febuary 2026,Unknown,Open to work,2026,6
Female,Ugandan,No,No,Yes,Foundations of Software Development,10X Scholarship,2026-06-01,Febuary 2026,Unknown,Open to work,2026,6
Female,Ugandan,No,No,Yes,Foundations of Software Development,10X Scholarship,2026-06-01,Febuary 2026,Unknown,Open to work,2026,6
Female,Ugandan,No,No,Yes,Foundations of Software Development,10X Scholarship,2026-06-01,Febuary 2026,Unknown,Open to work,2026,6
Female,Sudanese,Yes,No,Yes,Foundations of Software Development,10X Scholarship,2026-06-01,Febuary 2026,Unknown,Open to work,2026,6
Female,Ugandan,No,No,Yes,Foundations of Software Development,10X Scholarship,2026-06-01,Febuary 2026,Unknown,Open to work,2026,6
Female,Ugandan,No,No,Yes,Foundations of Software Development,10X Scholarship,2026-06-01,Febuary 2026,Unknown,Open to work,2026,6
Female,Ugandan,No,Yes,Yes,Foundations of Software Development,10X Scholarship,2026-06-01,Febuary 2026,Unknown,Open to work,2026,6
Female,Ugandan,No,No,Yes,Foundations of Software Development,10X Scholarship,2026-06-01,Febuary 2026,Unknown,Open to work,2026,6
Female,Ugandan,No,No,Yes,Foundations of Software Development,10X Scholarship,2026-06-01,Febuary 2026,Unknown,Open to work,2026,6
Female,Ugandan,No,No,Yes,Foundations of Software Development,10X Scholarship,2026-06-01,Febuary 2026,Unknown,Open to work,2026,6
Female,Ugandan,No,No,Yes,Foundations of Software Development,10X Scholarship,2026-06-01,Febuary 2026,Unknown,Open to work,2026,6
Female,Ugandan,No,Yes,Yes,Foundations of Software Development,10X Scholarship,2026-06-01,Febuary 2026,Unknown,Open to work,2026,6
Female,Ugandan,No,No,Yes,Foundations of Software Development,10X Scholarship,2026-06-01,Febuary 2026,Unknown,Open to work,2026,6
Female,Ugandan,No,No,Yes,Foundations of Software Development,10X Scholarship,2026-06-01,Febuary 2026,Unknown,Open to work,2026,6
Female,Ugandan,No,No,Yes,Foundations of Software Development,10X Scholarship,2026-06-01,Febuary 2026,Unknown,Open to work,2026,6
Female,Ugandan,No,No,Yes,Foundations of Software Development,10X Scholarship,2026-06-01,Febuary 2026,Unknown,Open to work,2026,6
Female,Ugandan,No,No,Yes,Foundations of Software Development,10X Scholarship,2026-06-01,Febuary 2026,Unknown,Open to work,2026,6
Female,Ugandan,No,No,Yes,Foundations of Software Development,10X Scholarship,2026-06-01,Febuary 2026,Unknown,Open to work,2026,6
Female,Ugandan,No,No,Yes,Foundations of Software Development,10X Scholarship,2026-06-01,Febuary 2026,Unknown,Open to work,2026,6
Female,Ugandan,No,No,Yes,Foundations of Software Development,10X Scholarship,2026-06-01,Febuary 2026,Bachelor's Degree,Employed,2026,6
Female,Ugandan,No,No,Yes,Foundations of Software Development,10X Scholarship,2026-06-01,Febuary 2026,Unknown,Open to work,2026,6
Female,Ugandan,No,No,Yes,Foundations of Software Development,10X Scholarship,2026-06-01,Febuary 2026,Unknown,Open to work,2026,6
Female,Ugandan,No,No,Yes,Foundations of Software Development,10X Scholarship,2026-06-01,Febuary 2026,Unknown,Open to work,2026,6
Female,Ugandan,No,No,Yes,Foundations of Software Development,10X Scholarship,2026-06-01,Febuary 2026,Unknown,Open to work,2026,6
Female,Ugandan,No,No,Yes,Foundations of Software Development,10X Scholarship,2026-06-01,Febuary 2026,Unknown,Open to work,2026,6
Female,Ugandan,No,No,Yes,Foundations of Software Development,10X Scholarship,2026-06-01,Febuary 2026,Unknown,Open to work,2026,6
Female,Ugandan,No,No,Yes,Foundations of Software Development,10X Scholarship,2026-06-01,Febuary 2026,Unknown,Open to work,2026,6
Female,Ugandan,No,No,Yes,Foundations of Software Development,10X Scholarship,2026-06-01,Febuary 2026,Unknown,Open to work,2026,6
Female,Ugandan,No,No,Yes,Foundations of Software Development,10X Scholarship,2026-06-01,Febuary 2026,Unknown,Open to work,2026,6
Female,Ugandan,No,No,Yes,Foundations of Software Development,10X Scholarship,2026-06-01,Febuary 2026,Unknown,Open to work,2026,6
Female,Ugandan,No,No,Yes,Foundations of Software Development,10X Scholarship,2026-06-01,Febuary 2026,Unknown,Open to work,2026,6
Female,Ugandan,No,Yes,Yes,Foundations of Software Development,10X Scholarship,2026-06-01,Febuary 2026,UACE,Open to work,2026,6
Female,Ugandan,No,No,Yes,Foundations of Software Development,10X Scholarship,2026-06-01,Febuary 2026,Unknown,Open to work,2026,6
Male,Congolese,Yes,No,Yes,CSE - Javascript,READY4IT,2026-06-01,November 2025,Unknown,Open to work,2026,6
Male,Burundian,Yes,No,Yes,CSE - Javascript,READY4IT,2026-06-01,November 2025,Unknown,Open to work,2026,6
Female,Ethiopian,Yes,No,No,CSE - Javascript,READY4IT,2026-06-01,November 2025,Unknown,Open to work,2026,6
Female,South Sudanese,Yes,No,No,CSE - Javascript,READY4IT,2026-06-01,November 2025,Unknown,Employed,2026,6
Male,South Sudanese,Yes,No,Yes,CSE - Javascript,READY4IT,2026-06-01,November 2025,Unknown,Open to work,2026,6
Male,Congolese,Yes,No,Yes,CSE - Javascript,READY4IT,2026-06-01,November 2025,Unknown,Open to work,2026,6
Male,Congolese,Yes,No,Yes,CSE - Javascript,READY4IT,2026-06-01,November 2025,Unknown,Employed,2026,6
Male,Sudanese,Yes,No,Yes,CSE - Javascript,READY4IT,2026-06-01,November 2025,Unknown,Employed,2026,6
Male,Congolese,Yes,No,Yes,CSE - Javascript,READY4IT,2026-06-01,November 2025,Unknown,Open to work,2026,6
Male,Congolese,Yes,No,Yes,CSE - Javascript,READY4IT,2026-06-01,November 2025,Unknown,Open to work,2026,6
Female,Congolese,Yes,No,Yes,CSE - Javascript,READY4IT,2026-06-01,November 2025,Unknown,Employed,2026,6
Male,Congolese,Yes,No,Yes,CSE - Javascript,READY4IT,2026-06-01,November 2025,Unknown,Employed,2026,6
Male,Congolese,Yes,No,Yes,CSE - Javascript,READY4IT,2026-06-01,November 2025,Unknown,Open to work,2026,6
Male,Congolese,Yes,No,Yes,CSE - Javascript,READY4IT,2026-06-01,November 2025,Unknown,Employed,2026,6
Female,Burundian,Yes,No,Yes,CSE - Javascript,READY4IT,2026-06-01,November 2025,Unknown,Employed,2026,6
Male,South Sudanese,Yes,No,Yes,CSE - Javascript,READY4IT,2026-06-01,November 2025,Unknown,Employed,2026,6
Male,Sudanese,Yes,No,Yes,CSE - Javascript,READY4IT,2026-06-01,November 2025,Unknown,Employed,2026,6
Male,South Sudanese,Yes,No,Yes,CSE - Javascript,READY4IT,2026-06-01,November 2025,Unknown,Open to work,2026,6
Female,Burundian,Yes,No,Yes,CSE - Javascript,READY4IT,2026-06-01,November 2025,Unknown,Open to work,2026,6
Female,South Sudanese,Yes,No,Yes,CSE - Javascript,READY4IT,2026-06-01,November 2025,Unknown,Open to work,2026,6
Female,Sudanese,Yes,No,Yes,CSE - Javascript,READY4IT,2026-06-01,November 2025,Unknown,Open to work,2026,6
Male,Sudanese,Yes,No,Yes,CSE - Javascript,READY4IT,2026-06-01,November 2025,Unknown,Employed,2026,6
Male,Congolese,Yes,No,Yes,CSE - Javascript,READY4IT,2026-06-01,November 2025,Unknown,Employed,2026,6
Male,Congolese,Yes,No,Yes,CSE - Javascript,READY4IT,2026-06-01,November 2025,Unknown,Employed,2026,6
Male,Sudanese,Yes,No,Yes,CSE - Javascript,READY4IT,2026-06-01,November 2025,Unknown,Employed,2026,6
Male,South Sudanese,Yes,No,Yes,CSE - Javascript,READY4IT,2026-06-01,November 2025,Unknown,Open to work,2026,6
Female,Sudanese,Yes,No,Yes,CSE - Javascript,READY4IT,2026-06-01,November 2025,Unknown,Open to work,2026,6
Male,Congolese,Yes,No,Yes,CSE - Javascript,READY4IT,2026-06-01,November 2025,Unknown,Employed,2026,6
Male,Sudanese,Yes,No,No,CSE - Javascript,READY4IT,2026-06-01,November 2025,Unknown,Open to work,2026,6
Male,Burundian,Yes,Yes,Yes,CSE - Javascript,READY4IT,2026-06-01,November 2025,Unknown,Open to work,2026,6
Male,South Sudanese,Yes,No,Yes,CSE - Javascript,READY4IT,2026-06-01,November 2025,Unknown,Open to work,2026,6
Male,South Sudanese,Yes,No,Yes,CSE - Javascript,READY4IT,2026-06-01,November 2025,Unknown,Open to work,2026,6
Male,Eritrean,Yes,No,Yes,CSE - Javascript,READY4IT,2026-06-01,November 2025,Unknown,Open to work,2026,6
Male,South Sudanese,Yes,No,Yes,CSE - Javascript,READY4IT,2026-06-01,November 2025,Unknown,Employed,2026,6
Female,Congolese,Yes,No,Yes,CSE - Javascript,READY4IT,2026-06-01,November 2025,Unknown,Open to work,2026,6
Male,Congolese,Yes,No,Yes,CSE - Javascript,READY4IT,2026-06-01,November 2025,Unknown,Employed,2026,6
Female,South Sudanese,Yes,No,Yes,CSE - Javascript,READY4IT,2026-06-01,November 2025,Unknown,Open to work,2026,6
Male,Congolese,Yes,No,Yes,CSE - Javascript,READY4IT,2026-06-01,November 2025,Unknown,Open to work,2026,6
Male,Sudanese,Yes,No,Yes,CSE - Javascript,READY4IT,2026-06-01,November 2025,Unknown,Employed,2026,6
Male,Burundian,Yes,No,Yes,CSE - Javascript,READY4IT,2026-06-01,November 2025,Unknown,Employed,2026,6
Female,Eritrean,Yes,No,Yes,CSE - Javascript,READY4IT,2026-06-01,November 2025,Unknown,Open to work,2026,6
Male,Sudanese,Yes,No,Yes,CSE - Javascript,READY4IT,2026-06-01,November 2025,Unknown,Employed,2026,6
Female,Sudanese,Yes,No,Yes,CSE - Javascript,READY4IT,2026-06-01,November 2025,Unknown,Open to work,2026,6
Female,South Sudanese,Yes,No,Yes,CSE - Javascript,READY4IT,2026-06-01,November 2025,Unknown,Open to work,2026,6
Female,Rwandan,Yes,No,No,CSE - Javascript,READY4IT,2026-06-01,November 2025,Unknown,Employed,2026,6
Female,Burundian,Yes,No,Yes,CSE - Javascript,READY4IT,2026-06-01,November 2025,Unknown,Open to work,2026,6
Female,Sudanese,Yes,No,No,CSE - Javascript,READY4IT,2026-06-01,November 2025,Unknown,Open to work,2026,6
Male,South Sudanese,Yes,No,Yes,CSE - Javascript,READY4IT,2026-06-01,November 2025,Unknown,Employed,2026,6
Female,Congolese,Yes,No,Yes,CSE - Javascript,READY4IT,2026-06-01,November 2025,Unknown,Open to work,2026,6
Male,Burundian,Yes,No,Yes,CSE - Javascript,READY4IT,2026-06-01,November 2025,Unknown,Open to work,2026,6
Female,Congolese,Yes,No,Yes,CSE - Javascript,READY4IT,2026-06-01,November 2025,Unknown,Open to work,2026,6
Male,Ethiopian,Yes,No,Yes,CSE - Javascript,READY4IT,2026-06-01,November 2025,Unknown,Employed,2026,6
Male,Congolese,Yes,No,Yes,CSE - Javascript,READY4IT,2026-06-01,November 2025,Unknown,Employed,2026,6
Male,South Sudanese,Yes,No,Yes,CSE - Javascript,READY4IT,2026-06-01,November 2025,Unknown,Employed,2026,6
Male,Eritrean,Yes,No,Yes,CSE - Javascript,READY4IT,2026-06-01,November 2025,Unknown,Employed,2026,6
Female,Ethiopian,Yes,No,Yes,CSE - Javascript,READY4IT,2026-06-01,November 2025,Unknown,Employed,2026,6
Male,Congolese,Yes,No,Yes,CSE - Javascript,READY4IT,2026-06-01,November 2025,Unknown,Open to work,2026,6
Female,Ugandan,No,No,Yes,Apprenticeship,10X Scholarship,2026-06-01,September 2025,Bachelor's Degree,Open to work,2026,6
Female,Ugandan,No,No,Yes,Apprenticeship,10X Scholarship,2026-06-01,September 2025,Bachelor's Degree,Employed,2026,6
Female,Ugandan,No,No,Yes,Apprenticeship,10X Scholarship,2026-06-01,September 2025,Bachelor's Degree,Open to work,2026,6
Female,Ugandan,No,No,Yes,Apprenticeship,10X Scholarship,2026-06-01,September 2025,Bachelor's Degree,Employed,2026,6
Female,Ugandan,No,No,Yes,Apprenticeship,10X Scholarship,2026-06-01,September 2025,Bachelor's Degree,Employed,2026,6
Female,Ugandan,No,No,Yes,Apprenticeship,10X Scholarship,2026-06-01,September 2025,Diploma,Open to work,2026,6
Female,Ugandan,No,No,Yes,Apprenticeship,10X Scholarship,2026-06-01,September 2025,Bachelor's Degree,Employed,2026,6
Female,Ugandan,No,No,Yes,Apprenticeship,10X Scholarship,2026-06-01,September 2025,Bachelor's Degree,Employed,2026,6
Female,Ugandan,No,No,Yes,Apprenticeship,10X Scholarship,2026-06-01,September 2025,Unknown,Open to work,2026,6
Female,Ugandan,No,No,Yes,Apprenticeship,10X Scholarship,2026-06-01,September 2025,Bachelor's Degree,Open to work,2026,6
Female,Ugandan,No,No,Yes,Apprenticeship,10X Scholarship,2026-06-01,September 2025,Bachelor's Degree,Employed,2026,6
Female,Ugandan,No,No,Yes,Apprenticeship,10X Scholarship,2026-06-01,September 2025,Bachelor's Degree,Employed,2026,6
Female,Ugandan,No,No,Yes,Apprenticeship,10X Scholarship,2026-06-01,September 2025,Bachelor's Degree,Open to work,2026,6
Female,Ugandan,No,No,Yes,Apprenticeship,10X Scholarship,2026-06-01,September 2025,Diploma,Open to work,2026,6
Male,Ugandan,Yes,No,Yes,Apprenticeship,Self-sponsored,2026-06-01,September 2025,Bachelor's Degree,Open to work,2026,6
Male,Ugandan,Yes,No,Yes,Apprenticeship,Self-sponsored,2026-06-01,September 2025,Master's Degree,Employed,2026,6
Male,Ugandan,Yes,No,Yes,Apprenticeship,Self-sponsored,2026-06-01,September 2025,Bachelor's Degree,Employed,2026,6
Male,Ugandan,Yes,No,Yes,Apprenticeship,Self-sponsored,2026-06-01,September 2025,Bachelor's Degree,Employed,2026,6
Male,Ugandan,Yes,No,Yes,Apprenticeship,Self-sponsored,2026-06-01,September 2025,Bachelor's Degree,Employed,2026,6
Female,Ugandan,Yes,No,Yes,Apprenticeship,Self-sponsored,2026-06-01,September 2025,Bachelor's Degree,Employed,2026,6
Female,Ugandan,No,No,Yes,Foundations of Software Development,10X Scholarship,2026-06-01,Mop Up May 2026,Unknown,Employed,2026,6
Female,Ugandan,No,No,Yes,Foundations of Software Development,10X Scholarship,2026-06-01,Mop Up May 2026,Diploma,Employed,2026,6
Female,Ugandan,No,No,Yes,Foundations of Software Development,10X Scholarship,2026-06-01,Mop Up May 2026,Unknown,Employed,2026,6
Female,Ugandan,No,No,Yes,Foundations of Software Development,10X Scholarship,2026-06-01,Mop Up May 2026,Unknown,Employed,2026,6
Female,Ugandan,No,No,Yes,Foundations of Software Development,10X Scholarship,2026-06-01,Mop Up May 2026,Unknown,Employed,2026,6
Female,Ugandan,No,No,Yes,Foundations of Software Development,10X Scholarship,2026-06-01,Mop Up May 2026,Unknown,Employed,2026,6
Female,Ugandan,No,No,Yes,Foundations of Software Development,10X Scholarship,2026-06-01,Mop Up May 2026,Unknown,Employed,2026,6
Female,Ugandan,No,No,Yes,Foundations of Software Development,10X Scholarship,2026-06-01,Mop Up May 2026,Unknown,Employed,2026,6
Female,Ugandan,No,No,Yes,Foundations of Software Development,10X Scholarship,2026-06-01,Mop Up May 2026,Unknown,Employed,2026,6
Female,Ugandan,No,No,Yes,Foundations of Software Development,10X Scholarship,2026-06-01,Mop Up May 2026,Unknown,Employed,2026,6
Male,Ugandan,No,No,Yes,Foundations of Software Development,10X Scholarship,2026-06-01,Mop Up May 2026,Unknown,Employed,2026,6
Female,Ugandan,No,No,Yes,Foundations of Software Development,10X Scholarship,2026-06-01,Mop Up May 2026,Diploma,Employed,2026,6
Male,Ugandan,No,No,Yes,Foundations of Software Development,10X Scholarship,2026-06-01,Mop Up May 2026,Unknown,Employed,2026,6
Female,Ugandan,No,No,Yes,Foundations of Software Development,10X Scholarship,2026-06-01,Mop Up May 2026,Unknown,Employed,2026,6
Female,Ugandan,No,No,Yes,Foundations of Software Development,10X Scholarship,2026-06-01,Mop Up May 2026,Bachelor's Degree,Employed,2026,6
Female,Ugandan,No,No,Yes,Foundations of Software Development,10X Scholarship,2026-06-01,Mop Up May 2026,Unknown,Employed,2026,6
Female,Ugandan,No,No,Yes,Foundations of Software Development,10X Scholarship,2026-06-01,Mop Up May 2026,Unknown,Employed,2026,6
Female,Ugandan,No,No,Yes,Foundations of Software Development,10X Scholarship,2026-06-01,Mop Up May 2026,Unknown,Employed,2026,6
Female,Ugandan,No,No,Yes,Foundations of Software Development,10X Scholarship,2026-06-01,Mop Up May 2026,Unknown,Employed,2026,6
Female,Ugandan,No,No,Yes,Foundations of Software Development,10X Scholarship,2026-06-01,Mop Up May 2026,Unknown,Employed,2026,6
Female,Ugandan,No,No,Yes,Foundations of Software Development,10X Scholarship,2026-06-01,Mop Up May 2026,Unknown,Employed,2026,6
Female,Sudanese,Yes,No,Yes,Foundations of Software Development,10X Scholarship,2026-06-01,Mop Up May 2026,Unknown,Employed,2026,6
Female,Ugandan,No,No,Yes,Foundations of Software Development,10X Scholarship,2026-06-01,Mop Up May 2026,Unknown,Employed,2026,6
Female,Ugandan,No,No,Yes,Foundations of Software Development,10X Scholarship,2026-06-01,Mop Up May 2026,Bachelor's Degree,Employed,2026,6
Female,Ugandan,No,No,Yes,Foundations of Software Development,10X Scholarship,2026-06-01,Mop Up May 2026,Unknown,Employed,2026,6
Female,Ugandan,No,No,Yes,Foundations of Software Development,10X Scholarship,2026-06-01,Mop Up May 2026,Unknown,Employed,2026,6
Female,Ugandan,No,No,Yes,Foundations of Software Development,10X Scholarship,2026-06-01,Mop Up May 2026,Bachelor's Degree,Employed,2026,6
Female,Ugandan,No,No,Yes,Foundations of Software Development,10X Scholarship,2026-06-01,Mop Up May 2026,Unknown,Employed,2026,6
Female,Ugandan,No,No,Yes,Foundations of Software Development,10X Scholarship,2026-06-01,Mop Up May 2026,Unknown,Employed,2026,6
Female,Ugandan,No,No,Yes,Foundations of Software Development,10X Scholarship,2026-06-01,Mop Up May 2026,Unknown,Employed,2026,6
Female,Ugandan,No,No,Yes,Foundations of Software Development,10X Scholarship,2026-06-01,Mop Up May 2026,Unknown,Employed,2026,6
Female,Ugandan,No,No,Yes,Foundations of Software Development,10X Scholarship,2026-06-01,Mop Up May 2026,Unknown,Employed,2026,6
Female,Ugandan,No,No,Yes,Foundations of Software Development,10X Scholarship,2026-06-01,Mop Up May 2026,Unknown,Employed,2026,6
Female,Ugandan,No,No,Yes,Foundations of Software Development,10X Scholarship,2026-06-01,Mop Up May 2026,Unknown,Employed,2026,6
Female,Ugandan,No,No,Yes,Foundations of Software Development,10X Scholarship,2026-06-01,Mop Up May 2026,Unknown,Employed,2026,6
Female,Ugandan,No,No,Yes,Foundations of Software Development,10X Scholarship,2026-06-01,Mop Up May 2026,Unknown,Employed,2026,6
Female,Ugandan,No,Yes,Yes,Foundations of Software Development,10X Scholarship,2026-06-01,Mop Up May 2026,Unknown,Employed,2026,6
Female,Ugandan,No,No,Yes,Foundations of Software Development,10X Scholarship,2026-06-01,Mop Up May 2026,Unknown,Employed,2026,6
Female,Ugandan,No,No,Yes,Foundations of Software Development,10X Scholarship,2026-06-01,Mop Up May 2026,Bachelor's Degree,Employed,2026,6
Female,Kenyan,Yes,No,Yes,Foundations of Software Development,10X Scholarship,2026-06-01,Mop Up May 2026,Unknown,Employed,2026,6
Female,Ugandan,No,No,Yes,Foundations of Software Development,10X Scholarship,2026-06-01,Mop Up May 2026,Unknown,Employed,2026,6
Female,Ugandan,No,No,Yes,Foundations of Software Development,10X Scholarship,2026-06-01,Mop Up May 2026,Unknown,Employed,2026,6
Female,Ugandan,No,No,Yes,Foundations of Software Development,10X Scholarship,2026-06-01,Mop Up May 2026,Unknown,Employed,2026,6
Female,Ugandan,No,No,Yes,Foundations of Software Development,10X Scholarship,2026-06-01,Mop Up May 2026,Unknown,Employed,2026,6
Female,Ugandan,No,No,Yes,Foundations of Software Development,10X Scholarship,2026-06-01,Mop Up May 2026,Unknown,Employed,2026,6
Female,Ugandan,No,No,Yes,Foundations of Software Development,10X Scholarship,2026-06-01,Mop Up May 2026,Unknown,Employed,2026,6
Female,Ugandan,No,No,Yes,Foundations of Software Development,10X Scholarship,2026-06-01,Mop Up May 2026,Unknown,Employed,2026,6
Female,Ugandan,No,No,Yes,Foundations of Software Development,10X Scholarship,2026-06-01,Mop Up May 2026,Unknown,Employed,2026,6
Female,Ugandan,No,No,Yes,Foundations of Software Development,10X Scholarship,2026-06-01,Mop Up May 2026,Unknown,Employed,2026,6
Female,Ugandan,No,No,Yes,Foundations of Software Development,10X Scholarship,2026-06-01,Mop Up May 2026,Unknown,Employed,2026,6
Female,Ugandan,No,No,Yes,Foundations of Software Development,10X Scholarship,2026-06-01,Mop Up May 2026,Unknown,Employed,2026,6
Female,Ugandan,No,No,Yes,Foundations of Software Development,10X Scholarship,2026-06-01,Mop Up May 2026,Unknown,Employed,2026,6
Female,Ugandan,No,No,Yes,Foundations of Software Development,10X Scholarship,2026-06-01,Mop Up May 2026,Unknown,Employed,2026,6
Female,Ugandan,No,No,Yes,Foundations of Software Development,10X Scholarship,2026-06-01,Mop Up May 2026,Unknown,Employed,2026,6
Female,Ugandan,No,No,Yes,Foundations of Software Development,10X Scholarship,2026-06-01,Mop Up May 2026,Unknown,Employed,2026,6
Female,Ugandan,No,No,Yes,Foundations of Software Development,10X Scholarship,2026-06-01,Mop Up May 2026,Unknown,Employed,2026,6
Female,Ugandan,No,No,Yes,Foundations of Software Development,10X Scholarship,2026-06-01,Mop Up May 2026,Unknown,Employed,2026,6
Female,Ugandan,No,No,Yes,Foundations of Software Development,10X Scholarship,2026-06-01,Mop Up May 2026,Unknown,Employed,2026,6
Female,Ugandan,No,No,Yes,Foundations of Software Development,10X Scholarship,2026-06-01,Mop Up May 2026,Unknown,Employed,2026,6
Female,Ugandan,No,No,Yes,Foundations of Software Development,10X Scholarship,2026-06-01,Mop Up May 2026,Unknown,Employed,2026,6
Female,Ugandan,No,No,Yes,Foundations of Software Development,10X Scholarship,2026-06-01,Mop Up May 2026,Unknown,Employed,2026,6
Female,Ugandan,No,No,Yes,Foundations of Software Development,10X Scholarship,2026-06-01,Mop Up May 2026,Unknown,Employed,2026,6
Female,Ugandan,No,Yes,Yes,Foundations of Software Development,10X Scholarship,2026-06-01,Mop Up May 2026,Unknown,Employed,2026,6
Female,Ugandan,No,No,Yes,Foundations of Software Development,10X Scholarship,2026-06-01,Mop Up May 2026,Unknown,Employed,2026,6
Female,Ugandan,No,No,Yes,Foundations of Software Development,10X Scholarship,2026-06-01,Mop Up May 2026,Unknown,Employed,2026,6
Female,Ugandan,No,No,Yes,Foundations of Software Development,10X Scholarship,2026-06-01,Mop Up May 2026,Unknown,Employed,2026,6
Female,Ugandan,No,No,Yes,Foundations of Software Development,10X Scholarship,2026-06-01,Mop Up May 2026,Unknown,Employed,2026,6
Female,Ugandan,No,No,Yes,Foundations of Software Development,10X Scholarship,2026-06-01,Mop Up May 2026,Unknown,Employed,2026,6
Female,Ugandan,No,No,Yes,Foundations of Software Development,10X Scholarship,2026-06-01,Mop Up May 2026,Unknown,Employed,2026,6
Female,Ugandan,No,No,Yes,Foundations of Software Development,10X Scholarship,2026-06-01,Mop Up May 2026,Unknown,Employed,2026,6
Female,Ugandan,No,No,Yes,Foundations of Software Development,10X Scholarship,2026-06-01,Mop Up May 2026,Unknown,Employed,2026,6
Female,Ugandan,No,No,Yes,Foundations of Software Development,10X Scholarship,2026-06-01,Mop Up May 2026,Unknown,Employed,2026,6
Female,Ugandan,No,No,Yes,Foundations of Software Development,10X Scholarship,2026-06-01,Mop Up May 2026,Unknown,Employed,2026,6
Female,Ugandan,No,No,Yes,Foundations of Software Development,10X Scholarship,2026-06-01,Mop Up May 2026,Diploma,Employed,2026,6
Female,Ugandan,No,Yes,Yes,Foundations of Software Development,10X Scholarship,2026-06-01,Mop Up May 2026,Unknown,Employed,2026,6
Female,Ugandan,No,Yes,Yes,Foundations of Software Development,10X Scholarship,2026-06-01,Mop Up May 2026,Unknown,Employed,2026,6
Female,Ugandan,No,Yes,Yes,Foundations of Software Development,10X Scholarship,2026-06-01,Mop Up May 2026,Unknown,Employed,2026,6
Female,Ugandan,No,Yes,Yes,Foundations of Software Development,10X Scholarship,2026-06-01,Mop Up May 2026,Unknown,Employed,2026,6
Female,Ugandan,No,No,Yes,Foundations of Software Development,10X Scholarship,2026-06-01,Mop Up May 2026,Unknown,Employed,2026,6
Female,Ugandan,No,Yes,Yes,Foundations of Software Development,10X Scholarship,2026-06-01,Mop Up May 2026,Unknown,Employed,2026,6
Female,Ugandan,No,No,Yes,Foundations of Software Development,10X Scholarship,2026-06-01,Mop Up May 2026,Unknown,Employed,2026,6
Female,Ugandan,No,No,Yes,Foundations of Software Development,10X Scholarship,2026-06-01,Mop Up May 2026,Unknown,Employed,2026,6
Female,Ugandan,No,No,Yes,Foundations of Software Development,10X Scholarship,2026-06-01,Mop Up May 2026,Unknown,Employed,2026,6
Female,Ugandan,No,Yes,Yes,Foundations of Software Development,10X Scholarship,2026-06-01,Mop Up May 2026,Unknown,Employed,2026,6
Female,Ugandan,No,No,Yes,Foundations of Software Development,10X Scholarship,2026-06-01,Mop Up May 2026,Unknown,Employed,2026,6
Female,Ugandan,No,No,Yes,Foundations of Software Development,10X Scholarship,2026-06-01,Mop Up May 2026,Unknown,Employed,2026,6
Female,Ugandan,No,No,Yes,Foundations of Software Development,10X Scholarship,2026-06-01,Mop Up May 2026,Unknown,Employed,2026,6
Female,Ugandan,No,No,Yes,Foundations of Software Development,10X Scholarship,2026-06-01,Mop Up May 2026,Unknown,Employed,2026,6
Female,Ugandan,No,No,Yes,Foundations of Software Development,10X Scholarship,2026-06-01,Mop Up May 2026,Unknown,Employed,2026,6
Female,Ugandan,No,No,Yes,Foundations of Software Development,10X Scholarship,2026-06-01,Mop Up May 2026,Unknown,Employed,2026,6
Female,Ugandan,No,No,Yes,Foundations of Software Development,10X Scholarship,2026-06-01,Mop Up May 2026,Unknown,Employed,2026,6
Female,Ugandan,No,No,Yes,Foundations of Software Development,10X Scholarship,2026-06-01,Mop Up May 2026,Unknown,Employed,2026,6
Female,Ugandan,No,No,Yes,Foundations of Software Development,10X Scholarship,2026-06-01,Mop Up May 2026,Unknown,Employed,2026,6
Female,Ugandan,No,No,Yes,Foundations of Software Development,10X Scholarship,2026-06-01,Mop Up May 2026,Unknown,Employed,2026,6
Female,Ugandan,No,No,No,Foundations of Software Development,10X Scholarship,2026-06-01,Mop Up May 2026,Unknown,Employed,2026,6
Female,Ugandan,No,Yes,Yes,Foundations of Software Development,10X Scholarship,2026-06-01,Mop Up May 2026,Unknown,Employed,2026,6
Female,Ugandan,No,No,Yes,Foundations of Software Development,10X Scholarship,2026-06-01,Mop Up May 2026,Unknown,Employed,2026,6
Female,Ugandan,No,No,Yes,Foundations of Software Development,10X Scholarship,2026-06-01,Mop Up May 2026,Unknown,Employed,2026,6
Female,Ugandan,No,No,Yes,Foundations of Software Development,10X Scholarship,2026-06-01,Mop Up May 2026,Unknown,Employed,2026,6
Female,Ugandan,No,No,Yes,Foundations of Software Development,10X Scholarship,2026-06-01,Mop Up May 2026,Unknown,Employed,2026,6
Female,Ugandan,No,No,Yes,Foundations of Software Development,10X Scholarship,2026-06-01,Mop Up May 2026,Unknown,Employed,2026,6
Female,Ugandan,No,No,Yes,Foundations of Software Development,10X Scholarship,2026-06-01,Mop Up May 2026,Unknown,Employed,2026,6
Female,Ugandan,No,No,Yes,Foundations of Software Development,10X Scholarship,2026-06-01,Mop Up May 2026,Unknown,Employed,2026,6
Female,Ugandan,No,No,Yes,Foundations of Software Development,10X Scholarship,2026-06-01,Mop Up May 2026,Unknown,Employed,2026,6
Female,Ugandan,No,No,Yes,Foundations of Software Development,10X Scholarship,2026-06-01,Mop Up May 2026,Unknown,Employed,2026,6
Female,Ugandan,No,Yes,Yes,Foundations of Software Development,10X Scholarship,2026-06-01,Mop Up May 2026,Unknown,Employed,2026,6
Female,Ugandan,No,No,Yes,Foundations of Software Development,10X Scholarship,2026-06-01,Mop Up May 2026,Unknown,Employed,2026,6
Female,Ugandan,No,Yes,Yes,Foundations of Software Development,10X Scholarship,2026-06-01,Mop Up May 2026,Unknown,Employed,2026,6
Female,Ugandan,No,No,Yes,Foundations of Software Development,10X Scholarship,2026-06-01,Mop Up May 2026,Unknown,Employed,2026,6
Female,Ugandan,No,No,Yes,Foundations of Software Development,10X Scholarship,2026-06-01,Mop Up May 2026,Unknown,Employed,2026,6
Female,Ugandan,No,No,Yes,Foundations of Software Development,10X Scholarship,2026-06-01,Mop Up May 2026,Unknown,Employed,2026,6
Female,Ugandan,No,No,Yes,Foundations of Software Development,10X Scholarship,2026-06-01,Mop Up May 2026,Unknown,Employed,2026,6
Female,Ugandan,No,No,Yes,Foundations of Software Development,10X Scholarship,2026-06-01,Mop Up May 2026,Unknown,Employed,2026,6
Female,Ugandan,No,No,Yes,Foundations of Software Development,10X Scholarship,2026-06-01,Mop Up May 2026,Bachelor's Degree,Employed,2026,6
Female,Ugandan,No,No,Yes,Foundations of Software Development,10X Scholarship,2026-06-01,Mop Up May 2026,UCE,Employed,2026,6
Female,Ugandan,No,No,Yes,Foundations of Software Development,10X Scholarship,2026-06-01,Mop Up May 2026,Unknown,Employed,2026,6
Female,Ugandan,No,No,Yes,Foundations of Software Development,10X Scholarship,2026-06-01,Mop Up May 2026,Unknown,Employed,2026,6
Female,Ugandan,No,No,Yes,Foundations of Software Development,10X Scholarship,2026-06-01,Mop Up May 2026,Unknown,Employed,2026,6
Female,Ugandan,No,Yes,Yes,Foundations of Software Development,10X Scholarship,2026-06-01,Mop Up May 2026,Unknown,Employed,2026,6
Female,Ugandan,No,No,Yes,Foundations of Software Development,10X Scholarship,2026-06-01,Mop Up May 2026,Unknown,Employed,2026,6
Female,Ugandan,No,Yes,Yes,Foundations of Software Development,10X Scholarship,2026-06-01,Mop Up May 2026,Unknown,Employed,2026,6
Female,Ugandan,No,No,Yes,Foundations of Software Development,10X Scholarship,2026-06-01,Mop Up May 2026,Unknown,Employed,2026,6
Female,Ugandan,No,No,Yes,Foundations of Software Development,10X Scholarship,2026-06-01,Mop Up May 2026,Unknown,Employed,2026,6
Female,Ugandan,No,No,Yes,Foundations of Software Development,10X Scholarship,2026-06-01,Mop Up May 2026,Unknown,Employed,2026,6
Female,Ugandan,No,No,Yes,Foundations of Software Development,10X Scholarship,2026-06-01,Mop Up May 2026,Unknown,Employed,2026,6
Female,Ugandan,No,No,Yes,Foundations of Software Development,10X Scholarship,2026-06-01,Mop Up May 2026,Unknown,Employed,2026,6
Female,Ugandan,No,No,Yes,Foundations of Software Development,10X Scholarship,2026-06-01,Mop Up May 2026,Diploma,Employed,2026,6
Female,Ugandan,No,No,Yes,Foundations of Software Development,10X Scholarship,2026-06-01,Mop Up May 2026,Unknown,Employed,2026,6
Female,Ugandan,No,No,Yes,Foundations of Software Development,10X Scholarship,2026-06-01,Mop Up May 2026,Unknown,Employed,2026,6
Female,Ugandan,No,No,Yes,Foundations of Software Development,10X Scholarship,2026-06-01,Mop Up May 2026,Unknown,Employed,2026,6
Female,Ugandan,No,No,Yes,Foundations of Software Development,10X Scholarship,2026-06-01,Mop Up May 2026,Unknown,Employed,2026,6
Female,Ugandan,No,No,Yes,Foundations of Software Development,10X Scholarship,2026-06-01,Mop Up May 2026,Unknown,Employed,2026,6
Female,Ugandan,No,No,Yes,Foundations of Software Development,10X Scholarship,2026-06-01,Mop Up May 2026,Bachelor's Degree,Employed,2026,6
Female,Ugandan,No,No,Yes,Foundations of Software Development,10X Scholarship,2026-06-01,Mop Up May 2026,Unknown,Employed,2026,6
Female,Ugandan,No,No,Yes,Foundations of Software Development,10X Scholarship,2026-06-01,Mop Up May 2026,Unknown,Employed,2026,6
Female,Ugandan,No,No,Yes,Foundations of Software Development,10X Scholarship,2026-06-01,Mop Up May 2026,Diploma,Employed,2026,6
Female,Ugandan,No,No,Yes,Foundations of Software Development,10X Scholarship,2026-06-01,Mop Up May 2026,Bachelor's Degree,Employed,2026,6
Female,Ugandan,No,No,Yes,Foundations of Software Development,10X Scholarship,2026-06-01,Mop Up May 2026,Unknown,Employed,2026,6
Female,Ugandan,No,Yes,Yes,Foundations of Software Development,10X Scholarship,2026-06-01,Mop Up May 2026,Unknown,Employed,2026,6
Female,Ugandan,No,No,Yes,Foundations of Software Development,10X Scholarship,2026-06-01,Mop Up May 2026,Unknown,Employed,2026,6
Female,Ugandan,No,No,Yes,Foundations of Software Development,10X Scholarship,2026-06-01,Mop Up May 2026,Unknown,Employed,2026,6
Female,Ugandan,No,No,Yes,Foundations of Software Development,10X Scholarship,2026-06-01,Mop Up May 2026,Unknown,Employed,2026,6
Female,Ugandan,No,No,Yes,Foundations of Software Development,10X Scholarship,2026-06-01,Mop Up May 2026,Unknown,Employed,2026,6
Female,Ugandan,No,No,Yes,Foundations of Software Development,10X Scholarship,2026-06-01,Mop Up May 2026,Unknown,Employed,2026,6
Female,Ugandan,No,Yes,Yes,Foundations of Software Development,10X Scholarship,2026-06-01,Mop Up May 2026,Unknown,Employed,2026,6
Female,Ugandan,No,No,Yes,Foundations of Software Development,10X Scholarship,2026-06-01,Mop Up May 2026,Unknown,Employed,2026,6
Female,Ugandan,No,No,Yes,Foundations of Software Development,10X Scholarship,2026-06-01,Mop Up May 2026,Unknown,Employed,2026,6
Female,Ugandan,No,No,Yes,Foundations of Software Development,10X Scholarship,2026-06-01,Mop Up May 2026,Unknown,Employed,2026,6
Female,Ugandan,No,No,Yes,Foundations of Software Development,10X Scholarship,2026-06-01,Mop Up May 2026,Unknown,Employed,2026,6
Female,Ugandan,No,No,Yes,Foundations of Software Development,10X Scholarship,2026-06-01,Mop Up May 2026,Unknown,Employed,2026,6
Female,Ugandan,No,No,Yes,Foundations of Software Development,10X Scholarship,2026-06-01,Mop Up May 2026,Unknown,Employed,2026,6
Female,Ugandan,No,No,Yes,Foundations of Software Development,10X Scholarship,2026-06-01,Mop Up May 2026,Unknown,Employed,2026,6
Female,Ugandan,No,No,Yes,Foundations of Software Development,10X Scholarship,2026-06-01,Mop Up May 2026,Unknown,Employed,2026,6
Female,Ugandan,No,No,Yes,Foundations of Software Development,10X Scholarship,2026-06-01,Mop Up May 2026,Unknown,Employed,2026,6
Female,Ugandan,No,No,Yes,Foundations of Software Development,10X Scholarship,2026-06-01,Mop Up May 2026,Unknown,Employed,2026,6
Female,Ugandan,No,No,Yes,Foundations of Software Development,10X Scholarship,2026-06-01,Mop Up May 2026,Unknown,Employed,2026,6
Female,Ugandan,No,No,Yes,Foundations of Software Development,10X Scholarship,2026-06-01,Mop Up May 2026,Unknown,Employed,2026,6
Female,Ugandan,No,No,Yes,Foundations of Software Development,10X Scholarship,2026-06-01,Mop Up May 2026,Unknown,Employed,2026,6
Female,Ugandan,No,No,Yes,Foundations of Software Development,10X Scholarship,2026-06-01,Mop Up May 2026,Unknown,Employed,2026,6
Female,Ugandan,No,No,Yes,Foundations of Software Development,10X Scholarship,2026-06-01,Mop Up May 2026,Unknown,Employed,2026,6
Female,Ugandan,No,No,Yes,Foundations of Software Development,10X Scholarship,2026-06-01,Mop Up May 2026,Unknown,Employed,2026,6
Female,Ugandan,No,No,Yes,Foundations of Software Development,10X Scholarship,2026-06-01,Mop Up May 2026,Unknown,Employed,2026,6
Female,Ugandan,No,No,Yes,Foundations of Software Development,10X Scholarship,2026-06-01,Mop Up May 2026,Unknown,Employed,2026,6
Female,Ugandan,No,No,Yes,Foundations of Software Development,10X Scholarship,2026-06-01,Mop Up May 2026,Unknown,Employed,2026,6
Female,Ugandan,No,No,Yes,Foundations of Software Development,10X Scholarship,2026-06-01,Mop Up May 2026,Unknown,Employed,2026,6
Female,Ugandan,No,No,Yes,Foundations of Software Development,10X Scholarship,2026-06-01,Mop Up May 2026,Unknown,Employed,2026,6
Female,Ugandan,No,No,Yes,Foundations of Software Development,10X Scholarship,2026-06-01,Mop Up May 2026,Unknown,Employed,2026,6
Female,Ugandan,No,No,Yes,Foundations of Software Development,10X Scholarship,2026-06-01,Mop Up May 2026,Unknown,Employed,2026,6
Female,Ugandan,No,Yes,Yes,Foundations of Software Development,10X Scholarship,2026-06-01,Mop Up May 2026,Unknown,Employed,2026,6
Female,Ugandan,No,No,Yes,Foundations of Software Development,10X Scholarship,2026-06-01,Mop Up May 2026,Unknown,Employed,2026,6
Female,Ugandan,No,No,Yes,Foundations of Software Development,10X Scholarship,2026-06-01,Mop Up May 2026,Unknown,Employed,2026,6
Female,Ugandan,No,No,Yes,Foundations of Software Development,10X Scholarship,2026-06-01,Mop Up May 2026,Unknown,Employed,2026,6
Female,Ugandan,No,No,Yes,Foundations of Software Development,10X Scholarship,2026-06-01,Mop Up May 2026,Unknown,Employed,2026,6
Female,Ugandan,No,Yes,Yes,Foundations of Software Development,10X Scholarship,2026-06-01,Mop Up May 2026,Unknown,Employed,2026,6
Female,Ugandan,No,No,Yes,Foundations of Software Development,10X Scholarship,2026-06-01,Mop Up May 2026,Unknown,Employed,2026,6
Female,Ugandan,No,No,Yes,Foundations of Software Development,10X Scholarship,2026-06-01,Mop Up May 2026,Unknown,Employed,2026,6
Female,Ugandan,No,No,Yes,Foundations of Software Development,10X Scholarship,2026-06-01,Mop Up May 2026,Unknown,Employed,2026,6
Female,Ugandan,No,No,Yes,Foundations of Software Development,10X Scholarship,2026-06-01,Mop Up May 2026,Unknown,Employed,2026,6
Female,Ugandan,No,No,Yes,Foundations of Software Development,10X Scholarship,2026-06-01,Mop Up May 2026,Unknown,Open to work,2026,6
Female,Ugandan,No,No,Yes,Foundations of Software Development,10X Scholarship,2026-06-01,Mop Up May 2026,Unknown,Employed,2026,6
Female,Ugandan,No,No,Yes,Foundations of Software Development,10X Scholarship,2026-06-01,Mop Up May 2026,Unknown,Employed,2026,6
Female,Congolese,Yes,No,Yes,Foundations of Software Development,10X Scholarship,2026-06-01,Mop Up May 2026,Unknown,Employed,2026,6
Female,Congolese,Yes,No,Yes,Foundations of Software Development,10X Scholarship,2026-06-01,Mop Up May 2026,Unknown,Employed,2026,6
Female,Congolese,Yes,No,Yes,Foundations of Software Development,10X Scholarship,2026-06-01,Mop Up May 2026,Unknown,Employed,2026,6
Female,Burundian,Yes,No,Yes,Foundations of Software Development,10X Scholarship,2026-06-01,Mop Up May 2026,Unknown,Employed,2026,6
Female,Burundian,Yes,No,Yes,Foundations of Software Development,10X Scholarship,2026-06-01,Mop Up May 2026,UCE,Employed,2026,6
Female,Burundian,Yes,No,Yes,Foundations of Software Development,10X Scholarship,2026-06-01,Mop Up May 2026,Unknown,Employed,2026,6
Female,Rwandan,Yes,No,Yes,Foundations of Software Development,10X Scholarship,2026-06-01,Mop Up May 2026,Unknown,Employed,2026,6
Female,Congolese,Yes,No,Yes,Foundations of Software Development,10X Scholarship,2026-06-01,Mop Up May 2026,Unknown,Employed,2026,6
Female,Rwandan,Yes,No,Yes,Foundations of Software Development,10X Scholarship,2026-06-01,Mop Up May 2026,Unknown,Employed,2026,6
Female,Burundian,Yes,No,Yes,Foundations of Software Development,10X Scholarship,2026-06-01,Mop Up May 2026,Unknown,Employed,2026,6
Female,Burundian,Yes,No,Yes,Foundations of Software Development,10X Scholarship,2026-06-01,Mop Up May 2026,Unknown,Employed,2026,6
Female,Ugandan,No,No,Yes,Foundations of Software Development,10X Scholarship,2026-06-01,Mop Up May 2026,UCE,Employed,2026,6
Female,Congolese,Yes,No,Yes,Foundations of Software Development,10X Scholarship,2026-06-01,Mop Up May 2026,Unknown,Employed,2026,6
Female,Burundian,Yes,No,Yes,Foundations of Software Development,10X Scholarship,2026-06-01,Mop Up May 2026,Unknown,Employed,2026,6
Female,Congolese,Yes,No,Yes,Foundations of Software Development,10X Scholarship,2026-06-01,Mop Up May 2026,Unknown,Employed,2026,6
Female,Congolese,Yes,No,Yes,Foundations of Software Development,10X Scholarship,2026-06-01,Mop Up May 2026,Unknown,Employed,2026,6
Female,Congolese,Yes,No,Yes,Foundations of Software Development,10X Scholarship,2026-06-01,Mop Up May 2026,Unknown,Employed,2026,6
Female,Ugandan,No,No,Yes,Foundations of Software Development,10X Scholarship,2026-06-01,Mop Up May 2026,UCE,Employed,2026,6
Female,Congolese,Yes,No,Yes,Foundations of Software Development,10X Scholarship,2026-06-01,Mop Up May 2026,UCE,Employed,2026,6
Female,Congolese,Yes,No,Yes,Foundations of Software Development,10X Scholarship,2026-06-01,Mop Up May 2026,Unknown,Employed,2026,6
Female,Congolese,Yes,No,Yes,Foundations of Software Development,10X Scholarship,2026-06-01,Mop Up May 2026,Unknown,Employed,2026,6
Female,Ugandan,No,No,Yes,Foundations of Software Development,10X Scholarship,2026-06-01,Mop Up May 2026,Unknown,Employed,2026,6
Female,Congolese,Yes,No,Yes,Foundations of Software Development,10X Scholarship,2026-06-01,Mop Up May 2026,Unknown,Employed,2026,6
Female,Ugandan,No,No,Yes,Foundations of Software Development,10X Scholarship,2026-06-01,Mop Up May 2026,Unknown,Employed,2026,6
Female,Congolese,Yes,No,Yes,Foundations of Software Development,10X Scholarship,2026-06-01,Mop Up May 2026,UCE,Employed,2026,6
Female,Burundian,Yes,Yes,Yes,Foundations of Software Development,10X Scholarship,2026-06-01,Mop Up May 2026,Unknown,Employed,2026,6
Female,Burundian,Yes,No,Yes,Foundations of Software Development,10X Scholarship,2026-06-01,Mop Up May 2026,Unknown,Employed,2026,6
Female,Congolese,Yes,No,Yes,Foundations of Software Development,10X Scholarship,2026-06-01,Mop Up May 2026,Unknown,Employed,2026,6
Female,Congolese,Yes,No,Yes,Foundations of Software Development,10X Scholarship,2026-06-01,Mop Up May 2026,Unknown,Employed,2026,6
Female,Rwandan,Yes,No,Yes,Foundations of Software Development,10X Scholarship,2026-06-01,Mop Up May 2026,Unknown,Employed,2026,6
Female,Ugandan,No,No,Yes,Foundations of Software Development,10X Scholarship,2026-06-01,Mop Up May 2026,UCE,Employed,2026,6
Female,Ugandan,No,No,Yes,Foundations of Software Development,10X Scholarship,2026-06-01,Mop Up May 2026,Unknown,Employed,2026,6
Female,Ugandan,No,No,Yes,Foundations of Software Development,10X Scholarship,2026-06-01,Mop Up May 2026,Unknown,Employed,2026,6
Female,Ugandan,No,No,Yes,Foundations of Software Development,10X Scholarship,2026-06-01,Mop Up May 2026,Unknown,Employed,2026,6
Female,Ugandan,No,No,Yes,Foundations of Software Development,10X Scholarship,2026-06-01,Mop Up May 2026,Unknown,Employed,2026,6
Female,Rwandan,Yes,Yes,Yes,Foundations of Software Development,10X Scholarship,2026-06-01,Mop Up May 2026,UCE,Employed,2026,6
Female,Ugandan,No,No,Yes,Foundations of Software Development,10X Scholarship,2026-06-01,Mop Up May 2026,Unknown,Employed,2026,6
Female,Ugandan,No,No,Yes,Foundations of Software Development,10X Scholarship,2026-06-01,Mop Up May 2026,Unknown,Employed,2026,6
Female,Ugandan,No,No,Yes,Foundations of Software Development,10X Scholarship,2026-06-01,Mop Up May 2026,Unknown,Employed,2026,6
Female,Ugandan,No,No,Yes,Foundations of Software Development,10X Scholarship,2026-06-01,Mop Up May 2026,Unknown,Employed,2026,6
Female,Ugandan,No,No,Yes,Foundations of Software Development,10X Scholarship,2026-06-01,Mop Up May 2026,Bachelor's Degree,Employed,2026,6
Female,Ugandan,No,No,Yes,Foundations of Software Development,10X Scholarship,2026-06-01,Mop Up May 2026,Unknown,Employed,2026,6
Female,Ugandan,No,No,Yes,Foundations of Software Development,10X Scholarship,2026-06-01,Mop Up May 2026,Unknown,Employed,2026,6
Female,Ugandan,No,No,Yes,Foundations of Software Development,10X Scholarship,2026-06-01,Mop Up May 2026,Unknown,Employed,2026,6
Female,Ugandan,No,No,Yes,Foundations of Software Development,10X Scholarship,2026-06-01,Mop Up May 2026,Unknown,Employed,2026,6
Female,Ugandan,No,No,Yes,Foundations of Software Development,10X Scholarship,2026-06-01,Mop Up May 2026,Unknown,Employed,2026,6
Female,Ugandan,No,No,Yes,Foundations of Software Development,10X Scholarship,2026-06-01,Mop Up May 2026,Unknown,Employed,2026,6
Female,Ugandan,No,No,Yes,Foundations of Software Development,10X Scholarship,2026-06-01,Mop Up May 2026,Unknown,Employed,2026,6
Female,Ugandan,No,Yes,Yes,Foundations of Software Development,10X Scholarship,2026-06-01,Mop Up May 2026,Unknown,Employed,2026,6
Female,Ugandan,No,No,Yes,Foundations of Software Development,10X Scholarship,2026-06-01,Mop Up May 2026,Unknown,Employed,2026,6
Female,Ugandan,No,No,Yes,Foundations of Software Development,10X Scholarship,2026-06-01,Mop Up May 2026,Unknown,Employed,2026,6
Female,Ugandan,No,No,Yes,Foundations of Software Development,10X Scholarship,2026-06-01,Mop Up May 2026,Unknown,Employed,2026,6
Female,Ugandan,No,No,Yes,Foundations of Software Development,10X Scholarship,2026-06-01,Mop Up May 2026,Unknown,Employed,2026,6
Female,Ugandan,No,No,Yes,Foundations of Software Development,10X Scholarship,2026-06-01,Mop Up May 2026,Unknown,Employed,2026,6
Female,Ugandan,No,No,Yes,Foundations of Software Development,10X Scholarship,2026-06-01,Mop Up May 2026,Unknown,Employed,2026,6
Female,Ugandan,No,Yes,Yes,Foundations of Software Development,10X Scholarship,2026-06-01,Mop Up May 2026,Unknown,Employed,2026,6
Female,Ugandan,No,Yes,Yes,Foundations of Software Development,10X Scholarship,2026-06-01,Mop Up May 2026,Unknown,Employed,2026,6
Female,Ugandan,No,No,Yes,Foundations of Software Development,10X Scholarship,2026-06-01,Mop Up May 2026,Unknown,Employed,2026,6
Female,Ugandan,No,No,Yes,Foundations of Software Development,10X Scholarship,2026-06-01,Mop Up May 2026,Unknown,Employed,2026,6
Female,Ugandan,No,No,Yes,Foundations of Software Development,10X Scholarship,2026-06-01,Mop Up May 2026,Unknown,Employed,2026,6
Female,Ugandan,No,No,Yes,Foundations of Software Development,10X Scholarship,2026-06-01,Mop Up May 2026,Unknown,Employed,2026,6
Female,Ugandan,No,No,Yes,Foundations of Software Development,10X Scholarship,2026-06-01,Mop Up May 2026,Unknown,Employed,2026,6
Female,Ugandan,No,No,Yes,Foundations of Software Development,10X Scholarship,2026-06-01,Mop Up May 2026,Unknown,Employed,2026,6
Female,Ugandan,No,No,Yes,Foundations of Software Development,10X Scholarship,2026-06-01,Mop Up May 2026,Unknown,Employed,2026,6
Female,Ugandan,No,Yes,Yes,Foundations of Software Development,10X Scholarship,2026-06-01,Mop Up May 2026,Unknown,Employed,2026,6
Female,Ugandan,No,No,Yes,Foundations of Software Development,10X Scholarship,2026-06-01,Mop Up May 2026,Unknown,Employed,2026,6
Female,Ugandan,No,No,Yes,Foundations of Software Development,10X Scholarship,2026-06-01,Mop Up May 2026,Unknown,Employed,2026,6
Female,Ugandan,No,No,Yes,Foundations of Software Development,10X Scholarship,2026-06-01,Mop Up May 2026,Unknown,Employed,2026,6
Female,Ugandan,No,No,Yes,Foundations of Software Development,10X Scholarship,2026-06-01,Mop Up May 2026,Unknown,Employed,2026,6
Female,Ugandan,No,No,Yes,Foundations of Software Development,10X Scholarship,2026-06-01,Mop Up May 2026,Unknown,Employed,2026,6
Female,Ugandan,No,No,Yes,Foundations of Software Development,10X Scholarship,2026-06-01,Mop Up May 2026,Unknown,Employed,2026,6
Female,Ugandan,No,No,Yes,Foundations of Software Development,10X Scholarship,2026-06-01,Mop Up May 2026,Unknown,Employed,2026,6
Female,Ugandan,No,Yes,Yes,Foundations of Software Development,10X Scholarship,2026-06-01,Mop Up May 2026,Unknown,Employed,2026,6
Female,Ugandan,No,No,Yes,Foundations of Software Development,10X Scholarship,2026-06-01,Mop Up May 2026,Unknown,Employed,2026,6
Female,Ugandan,No,No,Yes,Foundations of Software Development,10X Scholarship,2026-06-01,Mop Up May 2026,Unknown,Employed,2026,6
Female,Ugandan,No,No,Yes,Foundations of Software Development,10X Scholarship,2026-06-01,Mop Up May 2026,Unknown,Employed,2026,6
Female,Ugandan,No,Yes,Yes,Foundations of Software Development,10X Scholarship,2026-06-01,Mop Up May 2026,Unknown,Employed,2026,6
Female,Ugandan,No,Yes,Yes,Foundations of Software Development,10X Scholarship,2026-06-01,Mop Up May 2026,Unknown,Employed,2026,6
Female,Ugandan,No,Yes,Yes,Foundations of Software Development,10X Scholarship,2026-06-01,Mop Up May 2026,Unknown,Employed,2026,6
Female,Ugandan,No,No,Yes,Foundations of Software Development,10X Scholarship,2026-06-01,Mop Up May 2026,Unknown,Employed,2026,6
Female,Ugandan,No,No,Yes,Foundations of Software Development,10X Scholarship,2026-06-01,Mop Up May 2026,Unknown,Employed,2026,6
Female,Ugandan,No,No,Yes,Foundations of Software Development,10X Scholarship,2026-06-01,Mop Up May 2026,Unknown,Employed,2026,6
Female,Ugandan,No,No,Yes,Foundations of Software Development,10X Scholarship,2026-06-01,Mop Up May 2026,Unknown,Employed,2026,6
Female,Ugandan,No,No,Yes,Foundations of Software Development,10X Scholarship,2026-06-01,Mop Up May 2026,Unknown,Employed,2026,6
Female,Ugandan,No,No,Yes,Foundations of Software Development,10X Scholarship,2026-06-01,Mop Up May 2026,Unknown,Employed,2026,6
Female,Sudanese,Yes,No,Yes,Foundations of Software Development,10X Scholarship,2026-06-01,Mop Up May 2026,Unknown,Employed,2026,6
Female,Ugandan,No,No,No,Foundations of Software Development,10X Scholarship,2026-06-01,Mop Up May 2026,Unknown,Employed,2026,6
Female,Ugandan,No,Yes,Yes,Foundations of Software Development,10X Scholarship,2026-06-01,Mop Up May 2026,Unknown,Employed,2026,6
Female,Ugandan,No,Yes,Yes,Foundations of Software Development,10X Scholarship,2026-06-01,Mop Up May 2026,Unknown,Employed,2026,6
Female,Ugandan,No,Yes,Yes,Foundations of Software Development,10X Scholarship,2026-06-01,Mop Up May 2026,Unknown,Employed,2026,6
Female,Ugandan,No,Yes,Yes,Foundations of Software Development,10X Scholarship,2026-06-01,Mop Up May 2026,Unknown,Employed,2026,6
Female,Ugandan,No,Yes,Yes,Foundations of Software Development,10X Scholarship,2026-06-01,Mop Up May 2026,Unknown,Employed,2026,6
Female,Ugandan,No,Yes,Yes,Foundations of Software Development,10X Scholarship,2026-06-01,Mop Up May 2026,Unknown,Employed,2026,6
Female,Ugandan,No,Yes,Yes,Foundations of Software Development,10X Scholarship,2026-06-01,Mop Up May 2026,Unknown,Employed,2026,6
Female,Ugandan,No,Yes,Yes,Foundations of Software Development,10X Scholarship,2026-06-01,Mop Up May 2026,Unknown,Employed,2026,6
Female,Ugandan,No,Yes,Yes,Foundations of Software Development,10X Scholarship,2026-06-01,Mop Up May 2026,Unknown,Employed,2026,6
Female,Ugandan,No,No,Yes,Foundations of Software Development,10X Scholarship,2026-06-01,Mop Up May 2026,Unknown,Employed,2026,6
Female,Ugandan,No,No,Yes,Foundations of Software Development,10X Scholarship,2026-06-01,Mop Up May 2026,Unknown,Employed,2026,6
Female,Ugandan,No,No,Yes,Foundations of Software Development,10X Scholarship,2026-06-01,Mop Up May 2026,Unknown,Employed,2026,6
Female,Ugandan,No,Yes,Yes,Foundations of Software Development,10X Scholarship,2026-06-01,Mop Up May 2026,Unknown,Employed,2026,6
Female,Ugandan,No,Yes,Yes,Foundations of Software Development,10X Scholarship,2026-06-01,Mop Up May 2026,Unknown,Employed,2026,6
Female,Ugandan,No,Yes,Yes,Foundations of Software Development,10X Scholarship,2026-06-01,Mop Up May 2026,Unknown,Employed,2026,6
Female,Ugandan,No,Yes,Yes,Foundations of Software Development,10X Scholarship,2026-06-01,Mop Up May 2026,Unknown,Employed,2026,6
Female,Ugandan,No,Yes,Yes,Foundations of Software Development,10X Scholarship,2026-06-01,Mop Up May 2026,Unknown,Employed,2026,6
Female,Ugandan,No,No,Yes,Foundations of Software Development,10X Scholarship,2026-06-01,Mop Up May 2026,Unknown,Employed,2026,6
Female,Ugandan,No,No,Yes,Foundations of Software Development,10X Scholarship,2026-06-01,Mop Up May 2026,Unknown,Employed,2026,6
Female,Ugandan,No,No,Yes,Foundations of Software Development,10X Scholarship,2026-06-01,Mop Up May 2026,Unknown,Employed,2026,6
Female,Sudanese,Yes,No,Yes,Foundations of Software Development,10X Scholarship,2026-06-01,Mop Up May 2026,Unknown,Employed,2026,6
Female,Ugandan,No,No,Yes,Foundations of Software Development,10X Scholarship,2026-06-01,Mop Up May 2026,Unknown,Employed,2026,6
Female,Ugandan,No,No,Yes,Foundations of Software Development,10X Scholarship,2026-06-01,Mop Up May 2026,Unknown,Employed,2026,6
Female,Ugandan,No,Yes,Yes,Foundations of Software Development,10X Scholarship,2026-06-01,Mop Up May 2026,Unknown,Employed,2026,6
Female,Ugandan,No,No,Yes,Foundations of Software Development,10X Scholarship,2026-06-01,Mop Up May 2026,Unknown,Employed,2026,6
Female,South Sudanese,Yes,No,Yes,Foundations of Software Development,10X Scholarship,2026-06-01,Mop Up May 2026,Unknown,Employed,2026,6
Female,Ugandan,No,No,Yes,Foundations of Software Development,10X Scholarship,2026-06-01,Mop Up May 2026,Unknown,Employed,2026,6
Female,Ugandan,No,No,Yes,Foundations of Software Development,10X Scholarship,2026-06-01,Mop Up May 2026,Unknown,Employed,2026,6
Female,Ugandan,No,No,Yes,Foundations of Software Development,10X Scholarship,2026-06-01,Mop Up May 2026,Unknown,Employed,2026,6
Female,Ugandan,No,No,Yes,Foundations of Software Development,10X Scholarship,2026-06-01,Mop Up May 2026,Unknown,Employed,2026,6
Female,Ugandan,No,No,Yes,Foundations of Software Development,10X Scholarship,2026-06-01,Mop Up May 2026,Unknown,Employed,2026,6
Female,Ugandan,No,Yes,Yes,Foundations of Software Development,10X Scholarship,2026-06-01,Mop Up May 2026,Unknown,Employed,2026,6
Female,Ugandan,No,No,Yes,Foundations of Software Development,10X Scholarship,2026-06-01,Mop Up May 2026,Unknown,Employed,2026,6
Female,Ugandan,No,No,Yes,Foundations of Software Development,10X Scholarship,2026-06-01,Mop Up May 2026,Unknown,Employed,2026,6
Female,Ugandan,No,Yes,Yes,Foundations of Software Development,10X Scholarship,2026-06-01,Mop Up May 2026,Unknown,Employed,2026,6
Female,Ugandan,No,No,Yes,Foundations of Software Development,10X Scholarship,2026-06-01,Mop Up May 2026,Unknown,Employed,2026,6
Female,Ugandan,No,Yes,Yes,Foundations of Software Development,10X Scholarship,2026-06-01,Mop Up May 2026,Unknown,Employed,2026,6
Female,Ugandan,No,No,Yes,Foundations of Software Development,10X Scholarship,2026-06-01,Mop Up May 2026,Unknown,Employed,2026,6
Female,Ugandan,No,No,Yes,Foundations of Software Development,10X Scholarship,2026-06-01,Mop Up May 2026,Unknown,Employed,2026,6
Female,Ugandan,No,No,Yes,Foundations of Software Development,10X Scholarship,2026-06-01,Mop Up May 2026,Unknown,Employed,2026,6
Female,Ugandan,No,Yes,Yes,Foundations of Software Development,10X Scholarship,2026-06-01,Mop Up May 2026,Unknown,Employed,2026,6
Female,Ugandan,No,No,Yes,Foundations of Software Development,10X Scholarship,2026-06-01,Mop Up May 2026,Unknown,Employed,2026,6
Female,Ugandan,No,No,Yes,Foundations of Software Development,10X Scholarship,2026-06-01,Mop Up May 2026,Unknown,Employed,2026,6
Female,Ugandan,No,No,Yes,Foundations of Software Development,10X Scholarship,2026-06-01,Mop Up May 2026,Unknown,Employed,2026,6
Female,Ugandan,No,No,Yes,Foundations of Software Development,10X Scholarship,2026-06-01,Mop Up May 2026,Unknown,Employed,2026,6
Female,Ugandan,No,No,Yes,Foundations of Software Development,10X Scholarship,2026-06-01,Mop Up May 2026,Unknown,Employed,2026,6
Female,Ugandan,No,No,Yes,Foundations of Software Development,10X Scholarship,2026-06-01,Mop Up May 2026,Unknown,Employed,2026,6
Female,Ugandan,No,No,Yes,Foundations of Software Development,10X Scholarship,2026-06-01,Mop Up May 2026,Unknown,Employed,2026,6
Female,Ugandan,No,No,Yes,Foundations of Software Development,10X Scholarship,2026-06-01,Mop Up May 2026,Unknown,Employed,2026,6
Female,Ugandan,No,No,Yes,Foundations of Software Development,10X Scholarship,2026-06-01,Mop Up May 2026,Unknown,Employed,2026,6
Female,Ugandan,No,No,Yes,Foundations of Software Development,10X Scholarship,2026-06-01,Mop Up May 2026,Unknown,Employed,2026,6
Female,Ugandan,No,No,Yes,Foundations of Software Development,10X Scholarship,2026-06-01,Mop Up May 2026,Unknown,Employed,2026,6
Female,Ugandan,No,No,Yes,Foundations of Software Development,10X Scholarship,2026-06-01,Mop Up May 2026,Unknown,Employed,2026,6
Female,Ugandan,No,No,Yes,Foundations of Software Development,10X Scholarship,2026-06-01,Mop Up May 2026,Unknown,Employed,2026,6
Female,Ugandan,No,No,Yes,Foundations of Software Development,10X Scholarship,2026-06-01,Mop Up May 2026,Unknown,Employed,2026,6
Female,Ugandan,No,No,Yes,Foundations of Software Development,10X Scholarship,2026-06-01,Mop Up May 2026,Unknown,Employed,2026,6
Female,Ugandan,No,No,Yes,Foundations of Software Development,10X Scholarship,2026-06-01,Mop Up May 2026,Unknown,Employed,2026,6
Female,Ugandan,No,No,Yes,Foundations of Software Development,10X Scholarship,2026-06-01,Mop Up May 2026,Unknown,Employed,2026,6
Female,Ugandan,No,No,Yes,Foundations of Software Development,10X Scholarship,2026-06-01,Mop Up May 2026,Unknown,Employed,2026,6
Female,Ugandan,No,No,Yes,Foundations of Software Development,10X Scholarship,2026-06-01,Mop Up May 2026,Unknown,Employed,2026,6
Female,Ugandan,No,No,Yes,Foundations of Software Development,10X Scholarship,2026-06-01,Mop Up May 2026,Unknown,Employed,2026,6
Female,Ugandan,No,No,Yes,Foundations of Software Development,10X Scholarship,2026-06-01,Mop Up May 2026,Unknown,Employed,2026,6
Female,Ugandan,No,No,Yes,Foundations of Software Development,10X Scholarship,2026-06-01,Mop Up May 2026,Unknown,Employed,2026,6
Female,Ugandan,No,No,Yes,Foundations of Software Development,10X Scholarship,2026-06-01,Mop Up May 2026,Unknown,Employed,2026,6
Female,Ugandan,No,No,Yes,Foundations of Software Development,10X Scholarship,2026-06-01,Mop Up May 2026,Unknown,Employed,2026,6
Female,Ugandan,No,No,Yes,Foundations of Software Development,10X Scholarship,2026-06-01,Mop Up May 2026,Unknown,Employed,2026,6
Female,Ugandan,No,No,Yes,Foundations of Software Development,10X Scholarship,2026-06-01,Mop Up May 2026,Unknown,Employed,2026,6
Female,Ugandan,No,No,Yes,Foundations of Software Development,10X Scholarship,2026-06-01,Mop Up May 2026,Unknown,Employed,2026,6
Female,Ugandan,No,No,Yes,Foundations of Software Development,10X Scholarship,2026-06-01,Mop Up May 2026,Unknown,Employed,2026,6
Female,Ugandan,No,No,Yes,Foundations of Software Development,10X Scholarship,2026-06-01,Mop Up May 2026,Unknown,Employed,2026,6
Female,Ugandan,No,No,Yes,Foundations of Software Development,10X Scholarship,2026-06-01,Mop Up May 2026,Unknown,Employed,2026,6
Female,Ugandan,No,No,Yes,Foundations of Software Development,10X Scholarship,2026-06-01,Mop Up May 2026,Unknown,Employed,2026,6
Female,Ugandan,No,No,Yes,Foundations of Software Development,10X Scholarship,2026-06-01,Mop Up May 2026,Unknown,Employed,2026,6
Female,Ugandan,No,No,Yes,Foundations of Software Development,10X Scholarship,2026-06-01,Mop Up May 2026,Unknown,Employed,2026,6
Female,Ugandan,No,No,Yes,Foundations of Software Development,10X Scholarship,2026-06-01,Mop Up May 2026,Unknown,Employed,2026,6
Female,Ugandan,No,Yes,Yes,Foundations of Software Development,10X Scholarship,2026-06-01,Mop Up May 2026,UCE,Employed,2026,6
Female,Ugandan,No,No,Yes,Foundations of Software Development,10X Scholarship,2026-06-01,Mop Up May 2026,Unknown,Employed,2026,6
Female,Ugandan,No,No,Yes,Foundations of Software Development,10X Scholarship,2026-06-01,Mop Up May 2026,Unknown,Employed,2026,6
Female,Ugandan,No,No,Yes,Foundations of Software Development,10X Scholarship,2026-06-01,Mop Up May 2026,Unknown,Employed,2026,6
Female,Ugandan,No,No,Yes,Foundations of Software Development,10X Scholarship,2026-06-01,Mop Up May 2026,Unknown,Employed,2026,6
Female,Ugandan,No,No,Yes,Foundations of Software Development,10X Scholarship,2026-06-01,Mop Up May 2026,Unknown,Employed,2026,6
Female,Ugandan,No,No,Yes,Foundations of Software Development,10X Scholarship,2026-06-01,Mop Up May 2026,Unknown,Employed,2026,6
Female,Ugandan,No,No,Yes,Foundations of Software Development,10X Scholarship,2026-06-01,Mop Up May 2026,Unknown,Employed,2026,6
Female,Ugandan,No,No,Yes,Foundations of Software Development,10X Scholarship,2026-06-01,Mop Up May 2026,Unknown,Employed,2026,6
Female,Ugandan,No,No,Yes,Foundations of Software Development,10X Scholarship,2026-06-01,Mop Up May 2026,Unknown,Employed,2026,6
Female,Ugandan,No,No,Yes,Foundations of Software Development,10X Scholarship,2026-06-01,Mop Up May 2026,Unknown,Employed,2026,6
Female,Ugandan,No,No,Yes,Foundations of Software Development,10X Scholarship,2026-06-01,Mop Up May 2026,Unknown,Employed,2026,6
Female,Ugandan,No,No,Yes,Foundations of Software Development,10X Scholarship,2026-06-01,Mop Up May 2026,UCE,Open to work,2026,6
Female,Ugandan,No,No,Yes,Foundations of Software Development,10X Scholarship,2026-06-01,Mop Up May 2026,UCE,Open to work,2026,6
Female,Ugandan,No,No,Yes,Foundations of Software Development,10X Scholarship,2026-06-01,Mop Up May 2026,UCE,Open to work,2026,6
Female,Ugandan,No,No,Yes,Foundations of Software Development,10X Scholarship,2026-06-01,Mop Up May 2026,UCE,Open to work,2026,6
Female,Ugandan,No,No,Yes,Foundations of Software Development,10X Scholarship,2026-06-01,Mop Up May 2026,UCE,Open to work,2026,6
Female,Ugandan,No,No,Yes,Foundations of Software Development,10X Scholarship,2026-06-01,Mop Up May 2026,UCE,Open to work,2026,6
Female,Ugandan,No,No,Yes,Foundations of Software Development,10X Scholarship,2026-06-01,Mop Up May 2026,UCE,Open to work,2026,6
Female,Ugandan,No,No,Yes,Foundations of Software Development,10X Scholarship,2026-06-01,Mop Up May 2026,UCE,Open to work,2026,6
Female,Ugandan,No,No,Yes,Foundations of Software Development,10X Scholarship,2026-06-01,Mop Up May 2026,Unknown,Open to work,2026,6
Female,Ugandan,No,No,Yes,Foundations of Software Development,10X Scholarship,2026-06-01,Mop Up May 2026,UCE,Open to work,2026,6
Female,Ugandan,No,No,Yes,Foundations of Software Development,10X Scholarship,2026-06-01,Mop Up May 2026,UCE,Open to work,2026,6
Female,Ugandan,No,No,No,Foundations of Software Development,10X Scholarship,2026-06-01,Mop Up May 2026,UCE,Open to work,2026,6
Female,Ugandan,No,No,Yes,Foundations of Software Development,10X Scholarship,2026-06-01,Mop Up May 2026,UCE,Open to work,2026,6
Female,Ugandan,No,No,Yes,Foundations of Software Development,10X Scholarship,2026-06-01,Mop Up May 2026,UCE,Open to work,2026,6
Female,Ugandan,No,No,Yes,Foundations of Software Development,10X Scholarship,2026-06-01,Mop Up May 2026,Bachelor's Degree,Open to work,2026,6
Female,Ugandan,No,No,No,Foundations of Software Development,10X Scholarship,2026-06-01,Mop Up May 2026,UCE,Open to work,2026,6
Female,Ugandan,No,No,Yes,Foundations of Software Development,10X Scholarship,2026-06-01,Mop Up May 2026,UCE,Open to work,2026,6
Female,Ugandan,No,Yes,Yes,Foundations of Software Development,10X Scholarship,2026-06-01,Mop Up May 2026,UCE,Open to work,2026,6
Female,Ugandan,No,No,Yes,Foundations of Software Development,10X Scholarship,2026-06-01,Mop Up May 2026,UCE,Open to work,2026,6
Female,Ugandan,No,No,No,Foundations of Software Development,10X Scholarship,2026-06-01,Mop Up May 2026,Diploma,Open to work,2026,6
Female,Ugandan,No,Yes,Yes,Foundations of Software Development,10X Scholarship,2026-06-01,Mop Up May 2026,Unknown,Open to work,2026,6
Female,Ugandan,No,No,Yes,Foundations of Software Development,10X Scholarship,2026-06-01,Mop Up May 2026,UCE,Open to work,2026,6
Female,Ugandan,No,No,Yes,Foundations of Software Development,10X Scholarship,2026-06-01,Mop Up May 2026,UCE,Open to work,2026,6
Female,Ugandan,No,No,Yes,Foundations of Software Development,10X Scholarship,2026-06-01,Mop Up May 2026,Unknown,Open to work,2026,6
Female,Ugandan,No,No,Yes,Foundations of Software Development,10X Scholarship,2026-06-01,Mop Up May 2026,UCE,Open to work,2026,6
Female,Ugandan,No,No,Yes,Foundations of Software Development,10X Scholarship,2026-06-01,Mop Up May 2026,UCE,Open to work,2026,6
Female,Ugandan,No,No,Yes,Foundations of Software Development,10X Scholarship,2026-06-01,Mop Up May 2026,UCE,Open to work,2026,6
Female,Ugandan,No,No,Yes,Foundations of Software Development,10X Scholarship,2026-06-01,Mop Up May 2026,Diploma,Employed,2026,6
Female,Ugandan,No,No,Yes,Foundations of Software Development,10X Scholarship,2026-06-01,Mop Up May 2026,UCE,Open to work,2026,6
Female,Ugandan,No,No,Yes,Foundations of Software Development,10X Scholarship,2026-06-01,Mop Up May 2026,UCE,Employed,2026,6
Female,Ugandan,No,No,Yes,Foundations of Software Development,10X Scholarship,2026-06-01,Mop Up May 2026,UCE,Open to work,2026,6
Female,Ugandan,No,No,Yes,Foundations of Software Development,10X Scholarship,2026-06-01,Mop Up May 2026,UCE,Open to work,2026,6
Female,Ugandan,No,No,Yes,Foundations of Software Development,10X Scholarship,2026-06-01,Mop Up May 2026,Bachelor's Degree,Open to work,2026,6
Female,Ugandan,No,No,Yes,Foundations of Software Development,10X Scholarship,2026-06-01,Mop Up May 2026,UCE,Open to work,2026,6
Female,Ugandan,No,No,Yes,Foundations of Software Development,10X Scholarship,2026-06-01,Mop Up May 2026,UCE,Open to work,2026,6
Female,Ugandan,No,Yes,Yes,Foundations of Software Development,10X Scholarship,2026-06-01,Mop Up May 2026,PLE,Employed,2026,6
Female,Ugandan,No,No,Yes,Foundations of Software Development,10X Scholarship,2026-06-01,Mop Up May 2026,UCE,Open to work,2026,6
Female,Ugandan,No,No,Yes,Foundations of Software Development,10X Scholarship,2026-06-01,Mop Up May 2026,UCE,Open to work,2026,6
Female,Ugandan,No,No,Yes,Foundations of Software Development,10X Scholarship,2026-06-01,Mop Up May 2026,UCE,Open to work,2026,6
Female,Ugandan,No,No,Yes,Foundations of Software Development,10X Scholarship,2026-06-01,Mop Up May 2026,UCE,Open to work,2026,6
Female,Ugandan,No,No,Yes,Foundations of Software Development,10X Scholarship,2026-06-01,Mop Up May 2026,Bachelor's Degree,Employed,2026,6
Female,Ugandan,No,No,Yes,Foundations of Software Development,10X Scholarship,2026-06-01,Mop Up May 2026,UCE,Open to work,2026,6
Female,Ugandan,No,No,Yes,Foundations of Software Development,10X Scholarship,2026-06-01,Mop Up May 2026,UCE,Open to work,2026,6
Female,Ugandan,No,No,Yes,Foundations of Software Development,10X Scholarship,2026-06-01,Mop Up May 2026,UCE,Open to work,2026,6
Female,Ugandan,No,Yes,Yes,Foundations of Software Development,10X Scholarship,2026-06-01,Mop Up May 2026,UCE,Open to work,2026,6
Female,Ugandan,No,No,Yes,Foundations of Software Development,10X Scholarship,2026-06-01,Mop Up May 2026,UCE,Open to work,2026,6
Female,Ugandan,No,No,Yes,Foundations of Software Development,10X Scholarship,2026-06-01,Mop Up May 2026,UCE,Open to work,2026,6
Female,Ugandan,No,No,Yes,Foundations of Software Development,10X Scholarship,2026-06-01,Mop Up May 2026,Bachelor's Degree,Open to work,2026,6
Female,Rwandan,Yes,No,Yes,Foundations of Software Development,10X Scholarship,2026-06-01,Mop Up May 2026,UCE,Open to work,2026,6
Female,Ugandan,No,No,Yes,Foundations of Software Development,10X Scholarship,2026-06-01,Mop Up May 2026,UCE,Open to work,2026,6
Female,Ugandan,No,No,Yes,Foundations of Software Development,10X Scholarship,2026-06-01,Mop Up May 2026,Bachelor's Degree,Employed,2026,6
Female,Ugandan,No,No,Yes,Foundations of Software Development,10X Scholarship,2026-06-01,Mop Up May 2026,UCE,Open to work,2026,6
Female,Ugandan,No,No,Yes,Foundations of Software Development,10X Scholarship,2026-06-01,Mop Up May 2026,Bachelor's Degree,Open to work,2026,6
Female,Ugandan,No,No,Yes,Foundations of Software Development,10X Scholarship,2026-06-01,Mop Up May 2026,Bachelor's Degree,Open to work,2026,6
Female,Ugandan,No,No,Yes,Foundations of Software Development,10X Scholarship,2026-06-01,Mop Up May 2026,Diploma,Open to work,2026,6
Female,Ugandan,No,No,Yes,Foundations of Software Development,10X Scholarship,2026-06-01,Mop Up May 2026,Certificate,Employed,2026,6
Female,Burundian,Yes,No,Yes,Foundations of Software Development,10X Scholarship,2026-06-01,Mop Up May 2026,UCE,Open to work,2026,6
Female,Ugandan,No,No,Yes,Foundations of Software Development,10X Scholarship,2026-06-01,Mop Up May 2026,UCE,Open to work,2026,6
Female,Congolese,Yes,No,Yes,Foundations of Software Development,10X Scholarship,2026-06-01,Mop Up May 2026,PLE,Employed,2026,6
Female,Ugandan,No,No,Yes,Foundations of Software Development,10X Scholarship,2026-06-01,Mop Up May 2026,UCE,Open to work,2026,6
Female,Congolese,Yes,No,Yes,Foundations of Software Development,10X Scholarship,2026-06-01,Mop Up May 2026,UCE,Employed,2026,6
Female,Rwandan,Yes,No,Yes,Foundations of Software Development,10X Scholarship,2026-06-01,Mop Up May 2026,UCE,Open to work,2026,6
Female,Rwandan,Yes,No,Yes,Foundations of Software Development,10X Scholarship,2026-06-01,Mop Up May 2026,UCE,Open to work,2026,6
Female,Burundian,Yes,No,Yes,Foundations of Software Development,10X Scholarship,2026-06-01,Mop Up May 2026,Bachelor's Degree,Open to work,2026,6
Female,Congolese,Yes,No,Yes,Foundations of Software Development,10X Scholarship,2026-06-01,Mop Up May 2026,Unknown,Open to work,2026,6
Female,Congolese,Yes,No,Yes,Foundations of Software Development,10X Scholarship,2026-06-01,Mop Up May 2026,Unknown,Open to work,2026,6
Female,Congolese,Yes,No,Yes,Foundations of Software Development,10X Scholarship,2026-06-01,Mop Up May 2026,UCE,Open to work,2026,6
Female,Rwandan,Yes,No,Yes,Foundations of Software Development,10X Scholarship,2026-06-01,Mop Up May 2026,UACE,Open to work,2026,6
Female,South Sudanese,Yes,No,Yes,Foundations of Software Development,10X Scholarship,2026-06-01,Mop Up May 2026,UCE,Open to work,2026,6
Female,Rwandan,Yes,No,Yes,Foundations of Software Development,10X Scholarship,2026-06-01,Mop Up May 2026,Unknown,Open to work,2026,6
Female,Rwandan,Yes,No,Yes,Foundations of Software Development,10X Scholarship,2026-06-01,Mop Up May 2026,PLE,Open to work,2026,6
Female,Congolese,Yes,No,Yes,Foundations of Software Development,10X Scholarship,2026-06-01,Mop Up May 2026,Diploma,Employed,2026,6
Female,Rwandan,Yes,No,Yes,Foundations of Software Development,10X Scholarship,2026-06-01,Mop Up May 2026,UCE,Open to work,2026,6
Female,Ugandan,No,No,Yes,Foundations of Software Development,10X Scholarship,2026-06-01,Mop Up May 2026,Diploma,Open to work,2026,6
Female,Ugandan,No,No,Yes,Foundations of Software Development,10X Scholarship,2026-06-01,Mop Up May 2026,UCE,Open to work,2026,6
Female,Rwandan,Yes,No,Yes,Foundations of Software Development,10X Scholarship,2026-06-01,Mop Up May 2026,UCE,Employed,2026,6
Female,Congolese,Yes,Yes,Yes,Foundations of Software Development,10X Scholarship,2026-06-01,Mop Up May 2026,UCE,Open to work,2026,6
Female,Congolese,Yes,No,Yes,Foundations of Software Development,10X Scholarship,2026-06-01,Mop Up May 2026,PLE,Employed,2026,6
Female,Burundian,Yes,No,Yes,Foundations of Software Development,10X Scholarship,2026-06-01,Mop Up May 2026,UCE,Open to work,2026,6
Female,Burundian,Yes,No,Yes,Foundations of Software Development,10X Scholarship,2026-06-01,Mop Up May 2026,UCE,Open to work,2026,6
Female,Congolese,Yes,No,Yes,Foundations of Software Development,10X Scholarship,2026-06-01,Mop Up May 2026,UCE,Open to work,2026,6
Female,Rwandan,Yes,No,Yes,Foundations of Software Development,10X Scholarship,2026-06-01,Mop Up May 2026,UCE,Open to work,2026,6
Female,Burundian,Yes,No,Yes,Foundations of Software Development,10X Scholarship,2026-06-01,Mop Up May 2026,UCE,Employed,2026,6
Female,Burundian,Yes,No,Yes,Foundations of Software Development,10X Scholarship,2026-06-01,Mop Up May 2026,PLE,Employed,2026,6
Female,Rwandan,Yes,No,Yes,Foundations of Software Development,10X Scholarship,2026-06-01,Mop Up May 2026,Unknown,Open to work,2026,6
Female,Burundian,Yes,Yes,Yes,Foundations of Software Development,10X Scholarship,2026-06-01,Mop Up May 2026,PLE,Open to work,2026,6
Female,Congolese,Yes,No,Yes,Foundations of Software Development,10X Scholarship,2026-06-01,Mop Up May 2026,PLE,Employed,2026,6
Female,Rwandan,Yes,No,Yes,Foundations of Software Development,10X Scholarship,2026-06-01,Mop Up May 2026,UCE,Open to work,2026,6
Female,Rwandan,Yes,No,Yes,Foundations of Software Development,10X Scholarship,2026-06-01,Mop Up May 2026,UCE,Open to work,2026,6
Female,Ugandan,No,No,Yes,Foundations of Software Development,10X Scholarship,2026-06-01,Mop Up May 2026,Diploma,Open to work,2026,6
Female,Ugandan,No,Yes,Yes,Foundations of Software Development,10X Scholarship,2026-06-01,Mop Up May 2026,Bachelor's Degree,Open to work,2026,6
Female,Ugandan,No,No,Yes,Foundations of Software Development,10X Scholarship,2026-06-01,Mop Up May 2026,UCE,Employed,2026,6
Female,Ugandan,No,No,Yes,Foundations of Software Development,10X Scholarship,2026-06-01,Mop Up May 2026,Unknown,Open to work,2026,6
Female,Ugandan,No,No,Yes,Foundations of Software Development,10X Scholarship,2026-06-01,Mop Up May 2026,Bachelor's Degree,Open to work,2026,6
Female,Ugandan,No,No,Yes,Foundations of Software Development,10X Scholarship,2026-06-01,Mop Up May 2026,UCE,Open to work,2026,6
Female,Ugandan,No,No,Yes,Foundations of Software Development,10X Scholarship,2026-06-01,Mop Up May 2026,UCE,Open to work,2026,6
Female,Ugandan,No,No,Yes,Foundations of Software Development,10X Scholarship,2026-06-01,Mop Up May 2026,UCE,Open to work,2026,6
Female,Ugandan,No,No,Yes,Foundations of Software Development,10X Scholarship,2026-06-01,Mop Up May 2026,UCE,Open to work,2026,6
Female,Ugandan,No,No,Yes,Foundations of Software Development,10X Scholarship,2026-06-01,Mop Up May 2026,UCE,Open to work,2026,6
Female,Ugandan,No,No,Yes,Foundations of Software Development,10X Scholarship,2026-06-01,Mop Up May 2026,Bachelor's Degree,Open to work,2026,6
Female,Ugandan,No,Yes,Yes,Foundations of Software Development,10X Scholarship,2026-06-01,Mop Up May 2026,Bachelor's Degree,Open to work,2026,6
Female,Ugandan,No,No,Yes,Foundations of Software Development,10X Scholarship,2026-06-01,Mop Up May 2026,Bachelor's Degree,Open to work,2026,6
Female,Ugandan,No,No,Yes,Foundations of Software Development,10X Scholarship,2026-06-01,Mop Up May 2026,Bachelor's Degree,Open to work,2026,6
Female,Ugandan,No,No,Yes,Foundations of Software Development,10X Scholarship,2026-06-01,Mop Up May 2026,UCE,Open to work,2026,6
Female,Ugandan,No,No,Yes,Foundations of Software Development,10X Scholarship,2026-06-01,Mop Up May 2026,UCE,Open to work,2026,6
Female,Ugandan,No,No,Yes,Foundations of Software Development,10X Scholarship,2026-06-01,Mop Up May 2026,UCE,Open to work,2026,6
Female,Ugandan,No,No,Yes,Foundations of Software Development,10X Scholarship,2026-06-01,Mop Up May 2026,PLE,Open to work,2026,6
Female,Ugandan,No,No,Yes,Foundations of Software Development,10X Scholarship,2026-06-01,Mop Up May 2026,UCE,Open to work,2026,6
Female,Ugandan,No,No,Yes,Foundations of Software Development,10X Scholarship,2026-06-01,Mop Up May 2026,UCE,Open to work,2026,6
Female,Ugandan,No,No,Yes,Foundations of Software Development,10X Scholarship,2026-06-01,Mop Up May 2026,UCE,Open to work,2026,6
Female,Ugandan,No,No,Yes,Foundations of Software Development,10X Scholarship,2026-06-01,Mop Up May 2026,Unknown,Open to work,2026,6
Female,Ugandan,No,Yes,Yes,Foundations of Software Development,10X Scholarship,2026-06-01,Mop Up May 2026,Unknown,Open to work,2026,6
Female,South Sudanese,Yes,No,Yes,Foundations of Software Development,10X Scholarship,2026-06-01,Mop Up May 2026,UCE,Open to work,2026,6
Female,Ugandan,No,No,Yes,Foundations of Software Development,10X Scholarship,2026-06-01,Mop Up May 2026,Diploma,Open to work,2026,6
Female,Ugandan,No,No,Yes,Foundations of Software Development,10X Scholarship,2026-06-01,Mop Up May 2026,Bachelor's Degree,Open to work,2026,6
Female,Ugandan,No,Yes,Yes,Foundations of Software Development,10X Scholarship,2026-06-01,Mop Up May 2026,Bachelor's Degree,Open to work,2026,6
Female,Ugandan,No,No,Yes,Foundations of Software Development,10X Scholarship,2026-06-01,Mop Up May 2026,Bachelor's Degree,Open to work,2026,6
Female,South Sudanese,Yes,No,Yes,Foundations of Software Development,10X Scholarship,2026-06-01,Mop Up May 2026,UCE,Open to work,2026,6
Female,Ugandan,No,No,Yes,Foundations of Software Development,10X Scholarship,2026-06-01,Mop Up May 2026,UCE,Open to work,2026,6
Female,Ugandan,No,No,Yes,Foundations of Software Development,10X Scholarship,2026-06-01,Mop Up May 2026,Diploma,Open to work,2026,6
Female,Ugandan,No,Yes,Yes,Foundations of Software Development,10X Scholarship,2026-06-01,Mop Up May 2026,Bachelor's Degree,Open to work,2026,6
Female,Somali,Yes,No,Yes,Foundations of Software Development,10X Scholarship,2026-06-01,Mop Up May 2026,Diploma,Open to work,2026,6
Female,Ugandan,No,No,Yes,Foundations of Software Development,10X Scholarship,2026-06-01,Mop Up May 2026,UCE,Open to work,2026,6
Female,Ugandan,No,Yes,Yes,Foundations of Software Development,10X Scholarship,2026-06-01,Mop Up May 2026,Diploma,Open to work,2026,6
Female,Ugandan,No,Yes,Yes,Foundations of Software Development,10X Scholarship,2026-06-01,Mop Up May 2026,Diploma,Open to work,2026,6
Female,Ugandan,No,No,Yes,Foundations of Software Development,10X Scholarship,2026-06-01,Mop Up May 2026,UCE,Open to work,2026,6
Female,Ugandan,No,Yes,Yes,Foundations of Software Development,10X Scholarship,2026-06-01,Mop Up May 2026,UCE,Open to work,2026,6
Female,Ugandan,No,Yes,Yes,Foundations of Software Development,10X Scholarship,2026-06-01,Mop Up May 2026,Bachelor's Degree,Open to work,2026,6
Female,Ugandan,No,Yes,Yes,Foundations of Software Development,10X Scholarship,2026-06-01,Mop Up May 2026,PLE,Open to work,2026,6
Female,Ugandan,No,Yes,Yes,Foundations of Software Development,10X Scholarship,2026-06-01,Mop Up May 2026,UCE,Open to work,2026,6
Female,Ugandan,No,Yes,Yes,Foundations of Software Development,10X Scholarship,2026-06-01,Mop Up May 2026,Diploma,Open to work,2026,6
Female,Ugandan,No,No,Yes,Foundations of Software Development,10X Scholarship,2026-06-01,Mop Up May 2026,Bachelor's Degree,Open to work,2026,6
Female,Ugandan,No,No,Yes,Foundations of Software Development,10X Scholarship,2026-06-01,Mop Up May 2026,Bachelor's Degree,Open to work,2026,6
Female,Ugandan,No,No,Yes,Foundations of Software Development,10X Scholarship,2026-06-01,Mop Up May 2026,UCE,Open to work,2026,6
Female,Ugandan,No,Yes,Yes,Foundations of Software Development,10X Scholarship,2026-06-01,Mop Up May 2026,Bachelor's Degree,Employed,2026,6
Female,Ugandan,No,Yes,Yes,Foundations of Software Development,10X Scholarship,2026-06-01,Mop Up May 2026,UCE,Open to work,2026,6
Female,Ugandan,No,No,Yes,Foundations of Software Development,10X Scholarship,2026-06-01,Mop Up May 2026,Bachelor's Degree,Open to work,2026,6
Female,South Sudanese,Yes,No,Yes,Foundations of Software Development,10X Scholarship,2026-06-01,Mop Up May 2026,Diploma,Open to work,2026,6
Female,Ugandan,No,Yes,Yes,Foundations of Software Development,10X Scholarship,2026-06-01,Mop Up May 2026,UCE,Open to work,2026,6
Female,Ugandan,No,Yes,Yes,Foundations of Software Development,10X Scholarship,2026-06-01,Mop Up May 2026,Bachelor's Degree,Open to work,2026,6
Female,Ugandan,No,Yes,Yes,Foundations of Software Development,10X Scholarship,2026-06-01,Mop Up May 2026,Bachelor's Degree,Open to work,2026,6
Female,Ugandan,No,No,Yes,Foundations of Software Development,10X Scholarship,2026-06-01,Mop Up May 2026,UCE,Open to work,2026,6
Female,Ugandan,No,No,Yes,Foundations of Software Development,10X Scholarship,2026-06-01,Mop Up May 2026,Unknown,Open to work,2026,6
Female,Ugandan,No,No,Yes,Foundations of Software Development,10X Scholarship,2026-06-01,Mop Up May 2026,Unknown,Open to work,2026,6
Female,Ugandan,No,No,Yes,Foundations of Software Development,10X Scholarship,2026-06-01,Mop Up May 2026,Unknown,Open to work,2026,6
Female,Ugandan,No,No,Yes,Foundations of Software Development,10X Scholarship,2026-06-01,Mop Up May 2026,UCE,Open to work,2026,6
Female,Ugandan,No,No,Yes,Foundations of Software Development,10X Scholarship,2026-06-01,Mop Up May 2026,Certificate,Open to work,2026,6
Female,South Sudanese,Yes,No,Yes,Foundations of Software Development,10X Scholarship,2026-06-01,Mop Up May 2026,UCE,Open to work,2026,6
Female,Ugandan,No,No,Yes,Foundations of Software Development,10X Scholarship,2026-06-01,Mop Up May 2026,UCE,Open to work,2026,6
Female,South Sudanese,Yes,No,Yes,Foundations of Software Development,10X Scholarship,2026-06-01,Mop Up May 2026,UCE,Open to work,2026,6
Female,South Sudanese,Yes,No,Yes,Foundations of Software Development,10X Scholarship,2026-06-01,Mop Up May 2026,UCE,Open to work,2026,6
Female,Sudanese,Yes,No,Yes,Foundations of Software Development,10X Scholarship,2026-06-01,Mop Up May 2026,UCE,Open to work,2026,6
Female,South Sudanese,Yes,Yes,Yes,Foundations of Software Development,10X Scholarship,2026-06-01,Mop Up May 2026,UACE,Open to work,2026,6
Female,Ugandan,No,No,Yes,Foundations of Software Development,10X Scholarship,2026-06-01,Mop Up May 2026,UCE,Open to work,2026,6
Female,Ugandan,No,No,Yes,Foundations of Software Development,10X Scholarship,2026-06-01,Mop Up May 2026,UCE,Open to work,2026,6
Female,South Sudanese,Yes,No,Yes,Foundations of Software Development,10X Scholarship,2026-06-01,Mop Up May 2026,UCE,Open to work,2026,6
Female,Ugandan,No,No,Yes,Foundations of Software Development,10X Scholarship,2026-06-01,Mop Up May 2026,PLE,Open to work,2026,6
Female,Ugandan,No,No,Yes,Foundations of Software Development,10X Scholarship,2026-06-01,Mop Up May 2026,Unknown,Open to work,2026,6
Female,Ugandan,No,No,Yes,Foundations of Software Development,10X Scholarship,2026-06-01,Mop Up May 2026,Certificate,Open to work,2026,6
Female,South Sudanese,Yes,No,Yes,Foundations of Software Development,10X Scholarship,2026-06-01,Mop Up May 2026,UCE,Open to work,2026,6
Female,Ugandan,No,Yes,Yes,Foundations of Software Development,10X Scholarship,2026-06-01,Mop Up May 2026,UCE,Open to work,2026,6
Female,Ugandan,No,No,Yes,Foundations of Software Development,10X Scholarship,2026-06-01,Mop Up May 2026,Unknown,Open to work,2026,6
Female,Ugandan,No,No,Yes,Foundations of Software Development,10X Scholarship,2026-06-01,Mop Up May 2026,UCE,Open to work,2026,6
Female,Ugandan,No,Yes,Yes,Foundations of Software Development,10X Scholarship,2026-06-01,Mop Up May 2026,PLE,Open to work,2026,6
Female,South Sudanese,Yes,No,Yes,Foundations of Software Development,10X Scholarship,2026-06-01,Mop Up May 2026,UCE,Open to work,2026,6
Female,Ugandan,No,No,Yes,Foundations of Software Development,10X Scholarship,2026-06-01,Mop Up May 2026,UACE,Open to work,2026,6
Female,South Sudanese,Yes,No,Yes,Foundations of Software Development,10X Scholarship,2026-06-01,Mop Up May 2026,UCE,Open to work,2026,6
Female,South Sudanese,Yes,No,Yes,Foundations of Software Development,10X Scholarship,2026-06-01,Mop Up May 2026,PLE,Open to work,2026,6
Female,Ugandan,No,Yes,Yes,Foundations of Software Development,10X Scholarship,2026-06-01,Mop Up May 2026,UCE,Open to work,2026,6
Female,Ugandan,No,Yes,Yes,Foundations of Software Development,10X Scholarship,2026-06-01,Mop Up May 2026,PLE,Open to work,2026,6
Female,Ugandan,No,Yes,Yes,Foundations of Software Development,10X Scholarship,2026-06-01,Mop Up May 2026,Bachelor's Degree,Employed,2026,6
Female,Ugandan,No,No,Yes,Foundations of Software Development,10X Scholarship,2026-06-01,Mop Up May 2026,UCE,Open to work,2026,6
Female,Ugandan,No,No,Yes,Foundations of Software Development,10X Scholarship,2026-06-01,Mop Up May 2026,Bachelor's Degree,Open to work,2026,6
Female,Ugandan,No,No,Yes,Foundations of Software Development,10X Scholarship,2026-06-01,Mop Up May 2026,Bachelor's Degree,Open to work,2026,6
Female,Ugandan,No,No,Yes,Foundations of Software Development,10X Scholarship,2026-06-01,Mop Up May 2026,Unknown,Open to work,2026,6
Female,Ugandan,No,No,Yes,Foundations of Software Development,10X Scholarship,2026-06-01,Mop Up May 2026,UACE,Open to work,2026,6
Female,Ugandan,No,Yes,Yes,Foundations of Software Development,10X Scholarship,2026-06-01,Mop Up May 2026,UCE,Open to work,2026,6
Female,Ugandan,No,No,Yes,Foundations of Software Development,10X Scholarship,2026-06-01,Mop Up May 2026,Bachelor's Degree,Open to work,2026,6
Female,Ugandan,No,No,Yes,Foundations of Software Development,10X Scholarship,2026-06-01,Mop Up May 2026,Bachelor's Degree,Open to work,2026,6
Female,Ugandan,No,No,Yes,Foundations of Software Development,10X Scholarship,2026-06-01,Mop Up May 2026,UACE,Open to work,2026,6
Female,Ugandan,No,No,Yes,Foundations of Software Development,10X Scholarship,2026-06-01,Mop Up May 2026,UACE,Open to work,2026,6
Female,Ugandan,No,No,Yes,Foundations of Software Development,10X Scholarship,2026-06-01,Mop Up May 2026,UACE,Open to work,2026,6
Female,Ugandan,No,No,Yes,Foundations of Software Development,10X Scholarship,2026-06-01,Mop Up May 2026,UCE,Open to work,2026,6
Female,Ugandan,No,No,Yes,Foundations of Software Development,10X Scholarship,2026-06-01,Mop Up May 2026,UCE,Open to work,2026,6
Female,Ugandan,No,No,Yes,Foundations of Software Development,10X Scholarship,2026-06-01,Mop Up May 2026,UACE,Open to work,2026,6
Female,Ugandan,No,No,Yes,Foundations of Software Development,10X Scholarship,2026-06-01,Mop Up May 2026,UACE,Open to work,2026,6
Female,Ugandan,No,No,Yes,Foundations of Software Development,10X Scholarship,2026-06-01,Mop Up May 2026,Unknown,Open to work,2026,6
Female,Ugandan,No,No,Yes,Foundations of Software Development,10X Scholarship,2026-06-01,Mop Up May 2026,Unknown,Open to work,2026,6
Female,Ugandan,No,No,Yes,Foundations of Software Development,10X Scholarship,2026-06-01,Mop Up May 2026,UACE,Open to work,2026,6
Female,Ugandan,No,No,Yes,Foundations of Software Development,10X Scholarship,2026-06-01,Mop Up May 2026,UCE,Open to work,2026,6
Female,Ugandan,No,No,Yes,Foundations of Software Development,10X Scholarship,2026-06-01,Mop Up May 2026,UACE,Open to work,2026,6
Female,Ugandan,No,No,Yes,Foundations of Software Development,10X Scholarship,2026-06-01,Mop Up May 2026,Unknown,Open to work,2026,6
Female,Ugandan,No,No,Yes,Foundations of Software Development,10X Scholarship,2026-06-01,Mop Up May 2026,Bachelor's Degree,Open to work,2026,6
Female,Ugandan,No,No,Yes,Foundations of Software Development,10X Scholarship,2026-06-01,Mop Up May 2026,UACE,Open to work,2026,6
Female,Ugandan,No,No,Yes,Foundations of Software Development,10X Scholarship,2026-06-01,Mop Up May 2026,Unknown,Open to work,2026,6
Female,Ugandan,Yes,No,Yes,Foundations of Software Development,10X Scholarship,2026-06-01,Mop Up May 2026,Certificate,Open to work,2026,6
Female,Ugandan,No,No,Yes,Foundations of Software Development,10X Scholarship,2026-06-01,Mop Up May 2026,UCE,Open to work,2026,6
Female,Ugandan,No,No,Yes,Foundations of Software Development,10X Scholarship,2026-06-01,Mop Up May 2026,Diploma,Open to work,2026,6
Female,Ugandan,No,Yes,Yes,Foundations of Software Development,10X Scholarship,2026-06-01,Mop Up May 2026,Diploma,Open to work,2026,6
Female,Ugandan,No,No,Yes,Foundations of Software Development,10X Scholarship,2026-06-01,Mop Up May 2026,Bachelor's Degree,Open to work,2026,6
Female,Ugandan,No,No,Yes,Foundations of Software Development,10X Scholarship,2026-06-01,Mop Up May 2026,UCE,Employed,2026,6
Female,Ugandan,No,No,Yes,Foundations of Software Development,10X Scholarship,2026-06-01,Mop Up May 2026,UACE,Open to work,2026,6
Female,Ugandan,No,No,Yes,Foundations of Software Development,10X Scholarship,2026-06-01,Mop Up May 2026,Certificate,Open to work,2026,6
Female,Ugandan,No,No,Yes,Foundations of Software Development,10X Scholarship,2026-06-01,Mop Up May 2026,UCE,Open to work,2026,6
Female,Ugandan,No,No,Yes,Foundations of Software Development,10X Scholarship,2026-06-01,Mop Up May 2026,Bachelor's Degree,Open to work,2026,6
Female,Ugandan,No,No,Yes,Foundations of Software Development,10X Scholarship,2026-06-01,Mop Up May 2026,Unknown,Open to work,2026,6
Female,Ugandan,No,No,Yes,Foundations of Software Development,10X Scholarship,2026-06-01,Mop Up May 2026,UCE,Open to work,2026,6
Female,Ugandan,No,No,Yes,Foundations of Software Development,10X Scholarship,2026-06-01,Mop Up May 2026,Unknown,Open to work,2026,6
Female,Ugandan,No,No,Yes,Foundations of Software Development,10X Scholarship,2026-06-01,Mop Up May 2026,Unknown,Open to work,2026,6
Female,Ugandan,No,No,Yes,Foundations of Software Development,10X Scholarship,2026-06-01,Mop Up May 2026,Unknown,Open to work,2026,6
Female,Ugandan,No,No,Yes,Foundations of Software Development,10X Scholarship,2026-06-01,Mop Up May 2026,UACE,Open to work,2026,6
Female,Ugandan,No,No,Yes,Foundations of Software Development,10X Scholarship,2026-06-01,Mop Up May 2026,UCE,Open to work,2026,6
Female,Ugandan,No,Yes,Yes,Foundations of Software Development,10X Scholarship,2026-06-01,Mop Up May 2026,UCE,Open to work,2026,6
Female,Ugandan,No,No,Yes,Foundations of Software Development,10X Scholarship,2026-06-01,Mop Up May 2026,Unknown,Open to work,2026,6
Female,Ugandan,No,No,Yes,Foundations of Software Development,10X Scholarship,2026-06-01,Mop Up May 2026,Unknown,Open to work,2026,6
Female,Ugandan,No,Yes,Yes,Foundations of Software Development,10X Scholarship,2026-06-01,Mop Up May 2026,PLE,Employed,2026,6
Female,Ugandan,No,No,Yes,Foundations of Software Development,10X Scholarship,2026-06-01,Mop Up May 2026,Diploma,Open to work,2026,6
Female,Ugandan,No,No,Yes,Foundations of Software Development,10X Scholarship,2026-06-01,Mop Up May 2026,Bachelor's Degree,Open to work,2026,6
Female,Ugandan,No,No,Yes,Foundations of Software Development,10X Scholarship,2026-06-01,Mop Up May 2026,UCE,Open to work,2026,6
Female,Ugandan,No,No,Yes,Foundations of Software Development,10X Scholarship,2026-06-01,Mop Up May 2026,UCE,Open to work,2026,6
Female,Ugandan,No,No,Yes,Foundations of Software Development,10X Scholarship,2026-06-01,Mop Up May 2026,UCE,Open to work,2026,6
Female,Ugandan,No,No,Yes,Foundations of Software Development,10X Scholarship,2026-06-01,Mop Up May 2026,UCE,Open to work,2026,6
Female,Ugandan,No,No,Yes,Foundations of Software Development,10X Scholarship,2026-06-01,Mop Up May 2026,UCE,Open to work,2026,6
Female,Ugandan,No,No,Yes,Foundations of Software Development,10X Scholarship,2026-06-01,Mop Up May 2026,UCE,Open to work,2026,6
Female,Ugandan,No,No,Yes,Foundations of Software Development,10X Scholarship,2026-06-01,Mop Up May 2026,UCE,Open to work,2026,6
Female,Ugandan,No,No,Yes,Foundations of Software Development,10X Scholarship,2026-06-01,Mop Up May 2026,UACE,Open to work,2026,6
Female,Ugandan,No,Yes,Yes,Foundations of Software Development,10X Scholarship,2026-06-01,Mop Up May 2026,UCE,Open to work,2026,6
Female,Ugandan,No,Yes,Yes,Foundations of Software Development,10X Scholarship,2026-06-01,Mop Up May 2026,Unknown,Open to work,2026,6
Female,Ugandan,Yes,No,Yes,Foundations of Software Development,10X Scholarship,2026-06-01,Mop Up May 2026,UCE,Open to work,2026,6
Female,Ugandan,No,No,Yes,Foundations of Software Development,10X Scholarship,2026-06-01,Mop Up May 2026,UCE,Open to work,2026,6
Female,Ugandan,No,Yes,Yes,Foundations of Software Development,10X Scholarship,2026-06-01,Mop Up May 2026,UCE,Open to work,2026,6
Female,Ugandan,No,No,Yes,Foundations of Software Development,10X Scholarship,2026-06-01,Mop Up May 2026,UCE,Open to work,2026,6
Female,Ugandan,No,No,Yes,Foundations of Software Development,10X Scholarship,2026-06-01,Mop Up May 2026,UCE,Open to work,2026,6
Female,Ugandan,No,No,Yes,Foundations of Software Development,10X Scholarship,2026-06-01,Mop Up May 2026,Unknown,Open to work,2026,6
Female,Ugandan,No,No,Yes,Foundations of Software Development,10X Scholarship,2026-06-01,Mop Up May 2026,UCE,Open to work,2026,6
Female,Ugandan,No,No,Yes,Foundations of Software Development,10X Scholarship,2026-06-01,Mop Up May 2026,UCE,Open to work,2026,6
Female,Ugandan,No,No,Yes,Foundations of Software Development,10X Scholarship,2026-06-01,Mop Up May 2026,Diploma,Open to work,2026,6
Female,Ugandan,No,No,Yes,Foundations of Software Development,10X Scholarship,2026-06-01,Mop Up May 2026,Unknown,Open to work,2026,6
Female,Ugandan,No,No,Yes,Foundations of Software Development,10X Scholarship,2026-06-01,Mop Up May 2026,UCE,Open to work,2026,6
Female,Ugandan,No,No,Yes,Foundations of Software Development,10X Scholarship,2026-06-01,Mop Up May 2026,Bachelor's Degree,Open to work,2026,6
Female,Ugandan,No,Yes,Yes,Foundations of Software Development,10X Scholarship,2026-06-01,Mop Up May 2026,UACE,Open to work,2026,6
Female,Ugandan,No,No,Yes,Foundations of Software Development,10X Scholarship,2026-06-01,Mop Up May 2026,Unknown,Open to work,2026,6
Female,Ugandan,No,No,Yes,Foundations of Software Development,10X Scholarship,2026-06-01,Mop Up May 2026,UCE,Employed,2026,6
Female,Ugandan,No,No,Yes,Foundations of Software Development,10X Scholarship,2026-06-01,Mop Up May 2026,Unknown,Open to work,2026,6
Female,Ugandan,No,No,Yes,Foundations of Software Development,10X Scholarship,2026-06-01,Mop Up May 2026,PLE,Open to work,2026,6
Female,Ugandan,No,No,Yes,Foundations of Software Development,10X Scholarship,2026-06-01,Mop Up May 2026,Diploma,Open to work,2026,6
Female,Congolese,Yes,No,Yes,Foundations of Software Development,10X Scholarship,2026-06-01,Mop Up May 2026,Diploma,Employed,2026,6
Female,Burundian,Yes,No,Yes,Foundations of Software Development,10X Scholarship,2026-06-01,Mop Up May 2026,UCE,Open to work,2026,6
Female,Ugandan,No,No,Yes,Foundations of Software Development,10X Scholarship,2026-06-01,Mop Up May 2026,Bachelor's Degree,Open to work,2026,6
Female,Rwandan,Yes,No,Yes,Foundations of Software Development,10X Scholarship,2026-06-01,Mop Up May 2026,UCE,Open to work,2026,6
Female,Ugandan,No,No,Yes,Foundations of Software Development,10X Scholarship,2026-06-01,Mop Up May 2026,UCE,Open to work,2026,6
Female,Ugandan,No,No,Yes,Foundations of Software Development,10X Scholarship,2026-06-01,Mop Up May 2026,UCE,Open to work,2026,6
Female,Ugandan,No,No,Yes,Foundations of Software Development,10X Scholarship,2026-06-01,Mop Up May 2026,Certificate,Open to work,2026,6
Female,South Sudanese,Yes,No,Yes,Foundations of Software Development,10X Scholarship,2026-06-01,Mop Up May 2026,UCE,Open to work,2026,6
Female,South Sudanese,Yes,No,Yes,Foundations of Software Development,10X Scholarship,2026-06-01,Mop Up May 2026,UCE,Open to work,2026,6
Female,South Sudanese,Yes,Yes,Yes,Foundations of Software Development,10X Scholarship,2026-06-01,Mop Up May 2026,UACE,Open to work,2026,6
Female,Ugandan,No,No,Yes,Foundations of Software Development,10X Scholarship,2026-06-01,Mop Up May 2026,UCE,Open to work,2026,6
Female,Ugandan,No,No,Yes,Foundations of Software Development,10X Scholarship,2026-06-01,Mop Up May 2026,UCE,Open to work,2026,6
Female,South Sudanese,Yes,No,Yes,Foundations of Software Development,10X Scholarship,2026-06-01,Mop Up May 2026,UCE,Open to work,2026,6
Female,Ugandan,No,No,Yes,Foundations of Software Development,10X Scholarship,2026-06-01,Mop Up May 2026,PLE,Open to work,2026,6
Female,South Sudanese,Yes,No,Yes,Foundations of Software Development,10X Scholarship,2026-06-01,Mop Up May 2026,UCE,Open to work,2026,6
Female,Ugandan,No,Yes,Yes,Foundations of Software Development,10X Scholarship,2026-06-01,Mop Up May 2026,UCE,Open to work,2026,6
Female,Ugandan,No,No,Yes,Foundations of Software Development,10X Scholarship,2026-06-01,Mop Up May 2026,UCE,Open to work,2026,6
Female,South Sudanese,Yes,No,Yes,Foundations of Software Development,10X Scholarship,2026-06-01,Mop Up May 2026,UCE,Open to work,2026,6
Female,Ugandan,No,No,Yes,Foundations of Software Development,10X Scholarship,2026-06-01,Mop Up May 2026,UACE,Open to work,2026,6
Female,South Sudanese,Yes,No,Yes,Foundations of Software Development,10X Scholarship,2026-06-01,Mop Up May 2026,UCE,Open to work,2026,6
Female,South Sudanese,Yes,No,Yes,Foundations of Software Development,10X Scholarship,2026-06-01,Mop Up May 2026,PLE,Open to work,2026,6
Female,Ugandan,No,Yes,Yes,Foundations of Software Development,10X Scholarship,2026-06-01,Mop Up May 2026,UCE,Open to work,2026,6
Female,Ugandan,No,Yes,Yes,Foundations of Software Development,10X Scholarship,2026-06-01,Mop Up May 2026,PLE,Open to work,2026,6
Female,Ugandan,No,No,Yes,Foundations of Software Development,10X Scholarship,2026-06-01,Mop Up May 2026,Unknown,Open to work,2026,6
Female,Ugandan,No,No,Yes,Foundations of Software Development,10X Scholarship,2026-06-01,Mop Up May 2026,UCE,Open to work,2026,6
Female,Ugandan,No,No,Yes,Foundations of Software Development,10X Scholarship,2026-06-01,Mop Up May 2026,Bachelor's Degree,Open to work,2026,6
Female,Ugandan,No,No,Yes,Foundations of Software Development,10X Scholarship,2026-06-01,Mop Up May 2026,Bachelor's Degree,Open to work,2026,6
Female,Ugandan,No,No,Yes,Foundations of Software Development,10X Scholarship,2026-06-01,Mop Up May 2026,Unknown,Open to work,2026,6
Female,Ugandan,No,Yes,Yes,Foundations of Software Development,10X Scholarship,2026-06-01,Mop Up May 2026,UCE,Open to work,2026,6
Female,Ugandan,No,No,Yes,Foundations of Software Development,10X Scholarship,2026-06-01,Mop Up May 2026,Bachelor's Degree,Open to work,2026,6
Female,Ugandan,No,No,Yes,Foundations of Software Development,10X Scholarship,2026-06-01,Mop Up May 2026,UACE,Open to work,2026,6
Female,Ugandan,No,No,Yes,Foundations of Software Development,10X Scholarship,2026-06-01,Mop Up May 2026,UCE,Open to work,2026,6
Female,Ugandan,No,No,Yes,Foundations of Software Development,10X Scholarship,2026-06-01,Mop Up May 2026,UACE,Open to work,2026,6
Female,Ugandan,No,No,Yes,Foundations of Software Development,10X Scholarship,2026-06-01,Mop Up May 2026,UACE,Open to work,2026,6
Female,Ugandan,No,No,Yes,Foundations of Software Development,10X Scholarship,2026-06-01,Mop Up May 2026,Unknown,Open to work,2026,6
Female,Ugandan,No,No,Yes,Foundations of Software Development,10X Scholarship,2026-06-01,Mop Up May 2026,Bachelor's Degree,Open to work,2026,6
Female,Ugandan,No,No,Yes,Foundations of Software Development,10X Scholarship,2026-06-01,Mop Up May 2026,Unknown,Open to work,2026,6
Female,Ugandan,Yes,No,Yes,Foundations of Software Development,10X Scholarship,2026-06-01,Mop Up May 2026,Certificate,Open to work,2026,6
Female,Ugandan,No,No,Yes,Foundations of Software Development,10X Scholarship,2026-06-01,Mop Up May 2026,UCE,Open to work,2026,6
Female,Ugandan,No,No,Yes,Foundations of Software Development,10X Scholarship,2026-06-01,Mop Up May 2026,Diploma,Open to work,2026,6
Female,Ugandan,No,Yes,Yes,Foundations of Software Development,10X Scholarship,2026-06-01,Mop Up May 2026,Diploma,Open to work,2026,6
Female,Ugandan,No,No,Yes,Foundations of Software Development,10X Scholarship,2026-06-01,Mop Up May 2026,Bachelor's Degree,Open to work,2026,6
Female,Ugandan,No,No,Yes,Foundations of Software Development,10X Scholarship,2026-06-01,Mop Up May 2026,UCE,Open to work,2026,6
Female,Ugandan,No,No,Yes,Foundations of Software Development,10X Scholarship,2026-06-01,Mop Up May 2026,UACE,Open to work,2026,6
Female,Ugandan,No,No,Yes,Foundations of Software Development,10X Scholarship,2026-06-01,Mop Up May 2026,Certificate,Open to work,2026,6
Female,Ugandan,No,No,Yes,Foundations of Software Development,10X Scholarship,2026-06-01,Mop Up May 2026,UCE,Open to work,2026,6
Female,Ugandan,Yes,No,Yes,Foundations of Software Development,10X Scholarship,2026-06-01,Mop Up May 2026,Bachelor's Degree,Open to work,2026,6
Female,Ugandan,No,No,Yes,Foundations of Software Development,10X Scholarship,2026-06-01,Mop Up May 2026,Unknown,Open to work,2026,6
Female,Ugandan,No,No,Yes,Foundations of Software Development,10X Scholarship,2026-06-01,Mop Up May 2026,UCE,Open to work,2026,6
Female,Ugandan,No,No,Yes,Foundations of Software Development,10X Scholarship,2026-06-01,Mop Up May 2026,Unknown,Open to work,2026,6
Female,Ugandan,No,No,Yes,Foundations of Software Development,10X Scholarship,2026-06-01,Mop Up May 2026,Unknown,Open to work,2026,6
Female,Ugandan,No,No,Yes,Foundations of Software Development,10X Scholarship,2026-06-01,Mop Up May 2026,Unknown,Open to work,2026,6
Female,Ugandan,No,No,Yes,Foundations of Software Development,10X Scholarship,2026-06-01,Mop Up May 2026,UACE,Open to work,2026,6
Female,Ugandan,No,No,Yes,Foundations of Software Development,10X Scholarship,2026-06-01,Mop Up May 2026,UCE,Open to work,2026,6
Female,Ugandan,No,Yes,Yes,Foundations of Software Development,10X Scholarship,2026-06-01,Mop Up May 2026,UCE,Open to work,2026,6
Female,Ugandan,No,No,Yes,Foundations of Software Development,10X Scholarship,2026-06-01,Mop Up May 2026,Unknown,Open to work,2026,6
Female,Ugandan,No,No,Yes,Foundations of Software Development,10X Scholarship,2026-06-01,Mop Up May 2026,Unknown,Open to work,2026,6
Female,Ugandan,No,No,Yes,Foundations of Software Development,10X Scholarship,2026-06-01,Mop Up May 2026,Unknown,Open to work,2026,6
Female,Ugandan,No,No,Yes,Foundations of Software Development,10X Scholarship,2026-06-01,Mop Up May 2026,Diploma,Open to work,2026,6
Female,Ugandan,No,No,Yes,Foundations of Software Development,10X Scholarship,2026-06-01,Mop Up May 2026,UCE,Open to work,2026,6
Female,Ugandan,No,No,Yes,Foundations of Software Development,10X Scholarship,2026-06-01,Mop Up May 2026,UCE,Open to work,2026,6
Female,Ugandan,No,No,Yes,Foundations of Software Development,10X Scholarship,2026-06-01,Mop Up May 2026,UCE,Open to work,2026,6
Female,Ugandan,No,No,Yes,Foundations of Software Development,10X Scholarship,2026-06-01,Mop Up May 2026,UCE,Open to work,2026,6
Female,Ugandan,No,No,Yes,Foundations of Software Development,10X Scholarship,2026-06-01,Mop Up May 2026,UCE,Open to work,2026,6
Female,Ugandan,No,No,Yes,Foundations of Software Development,10X Scholarship,2026-06-01,Mop Up May 2026,UCE,Open to work,2026,6
Female,Ugandan,No,No,Yes,Foundations of Software Development,10X Scholarship,2026-06-01,Mop Up May 2026,UCE,Open to work,2026,6
Female,Ugandan,No,Yes,Yes,Foundations of Software Development,10X Scholarship,2026-06-01,Mop Up May 2026,UCE,Open to work,2026,6
Female,Ugandan,No,No,Yes,Foundations of Software Development,10X Scholarship,2026-06-01,Mop Up May 2026,UCE,Open to work,2026,6
Female,Ugandan,No,Yes,Yes,Foundations of Software Development,10X Scholarship,2026-06-01,Mop Up May 2026,UCE,Open to work,2026,6
Female,Ugandan,No,No,Yes,Foundations of Software Development,10X Scholarship,2026-06-01,Mop Up May 2026,UCE,Open to work,2026,6
Female,Ugandan,No,No,Yes,Foundations of Software Development,10X Scholarship,2026-06-01,Mop Up May 2026,UACE,Open to work,2026,6
Female,Ugandan,No,No,Yes,Foundations of Software Development,10X Scholarship,2026-06-01,Mop Up May 2026,UACE,Open to work,2026,6
Female,Ugandan,No,No,Yes,Foundations of Software Development,10X Scholarship,2026-06-01,Mop Up May 2026,Bachelor's Degree,Open to work,2026,6
Female,Ugandan,No,No,Yes,Foundations of Software Development,10X Scholarship,2026-06-01,Mop Up May 2026,UCE,Open to work,2026,6
Female,Ugandan,No,No,Yes,Foundations of Software Development,10X Scholarship,2026-06-01,Mop Up May 2026,UCE,Open to work,2026,6
Female,Ugandan,No,No,Yes,Foundations of Software Development,10X Scholarship,2026-06-01,Mop Up May 2026,Certificate,Open to work,2026,6
Female,Ugandan,No,No,Yes,Foundations of Software Development,10X Scholarship,2026-06-01,Mop Up May 2026,UACE,Open to work,2026,6
Female,Ugandan,No,Yes,Yes,Foundations of Software Development,10X Scholarship,2026-06-01,Mop Up May 2026,UCE,Open to work,2026,6
Female,Ugandan,No,No,Yes,Foundations of Software Development,10X Scholarship,2026-06-01,Mop Up May 2026,UCE,Open to work,2026,6
Female,Ugandan,No,No,Yes,Foundations of Software Development,10X Scholarship,2026-06-01,Mop Up May 2026,Diploma,Open to work,2026,6
Female,Ugandan,No,No,Yes,Foundations of Software Development,10X Scholarship,2026-06-01,Mop Up May 2026,UACE,Open to work,2026,6
Female,Ugandan,No,Yes,Yes,Foundations of Software Development,10X Scholarship,2026-06-01,Mop Up May 2026,UCE,Open to work,2026,6
Female,Ugandan,No,No,Yes,Foundations of Software Development,10X Scholarship,2026-06-01,Mop Up May 2026,Diploma,Open to work,2026,6
Female,Ugandan,No,Yes,Yes,Foundations of Software Development,10X Scholarship,2026-06-01,Mop Up May 2026,UACE,Open to work,2026,6
Female,Ugandan,No,No,Yes,Foundations of Software Development,10X Scholarship,2026-06-01,Mop Up May 2026,UACE,Open to work,2026,6
Female,Ugandan,No,No,Yes,Foundations of Software Development,10X Scholarship,2026-06-01,Mop Up May 2026,Bachelor's Degree,Open to work,2026,6
Female,Ugandan,No,No,Yes,Foundations of Software Development,10X Scholarship,2026-06-01,Mop Up May 2026,UACE,Open to work,2026,6
Female,Ugandan,No,No,Yes,Foundations of Software Development,10X Scholarship,2026-06-01,Mop Up May 2026,UACE,Open to work,2026,6
Female,Ugandan,No,No,Yes,Foundations of Software Development,10X Scholarship,2026-06-01,Mop Up May 2026,Diploma,Open to work,2026,6
Female,Ugandan,No,No,Yes,Foundations of Software Development,10X Scholarship,2026-06-01,Mop Up May 2026,UCE,Open to work,2026,6
Female,Ugandan,No,No,Yes,Foundations of Software Development,10X Scholarship,2026-06-01,Mop Up May 2026,UACE,Open to work,2026,6
Female,Ugandan,No,No,Yes,Foundations of Software Development,10X Scholarship,2026-06-01,Mop Up May 2026,UCE,Open to work,2026,6
Female,Ugandan,No,No,Yes,Foundations of Software Development,10X Scholarship,2026-06-01,Mop Up May 2026,UCE,Open to work,2026,6
Female,Ugandan,No,No,Yes,Foundations of Software Development,10X Scholarship,2026-06-01,Mop Up May 2026,Bachelor's Degree,Open to work,2026,6
Female,Ugandan,No,No,Yes,Foundations of Software Development,10X Scholarship,2026-06-01,Mop Up May 2026,Certificate,Open to work,2026,6
Female,Ugandan,No,No,Yes,Foundations of Software Development,10X Scholarship,2026-06-01,Mop Up May 2026,UCE,Open to work,2026,6
Female,Ugandan,No,No,Yes,Foundations of Software Development,10X Scholarship,2026-06-01,Mop Up May 2026,UCE,Open to work,2026,6
Female,Ugandan,No,No,Yes,Foundations of Software Development,10X Scholarship,2026-06-01,Mop Up May 2026,UCE,Open to work,2026,6
Female,Ugandan,No,No,Yes,Foundations of Software Development,10X Scholarship,2026-06-01,Mop Up May 2026,UCE,Open to work,2026,6
Female,Ugandan,No,No,Yes,Foundations of Software Development,10X Scholarship,2026-06-01,Mop Up May 2026,UCE,Open to work,2026,6
Female,Ugandan,No,No,Yes,Foundations of Software Development,10X Scholarship,2026-06-01,Mop Up May 2026,UCE,Open to work,2026,6
Female,Ugandan,No,No,Yes,Foundations of Software Development,10X Scholarship,2026-06-01,Mop Up May 2026,UACE,Open to work,2026,6
Female,Ugandan,No,No,Yes,Foundations of Software Development,10X Scholarship,2026-06-01,Mop Up May 2026,UCE,Open to work,2026,6
Female,Ugandan,No,No,Yes,Foundations of Software Development,10X Scholarship,2026-06-01,Mop Up May 2026,UACE,Open to work,2026,6
Female,Ugandan,No,No,Yes,Foundations of Software Development,10X Scholarship,2026-06-01,Mop Up May 2026,UCE,Open to work,2026,6
Female,Ugandan,No,No,Yes,Foundations of Software Development,10X Scholarship,2026-06-01,Mop Up May 2026,UCE,Open to work,2026,6
Female,Ugandan,No,No,Yes,Foundations of Software Development,10X Scholarship,2026-06-01,Mop Up May 2026,UCE,Open to work,2026,6
Female,Ugandan,No,No,Yes,Foundations of Software Development,10X Scholarship,2026-06-01,Mop Up May 2026,UCE,Open to work,2026,6
Female,Ugandan,No,No,Yes,Foundations of Software Development,10X Scholarship,2026-06-01,Mop Up May 2026,Bachelor's Degree,Open to work,2026,6
Female,Ugandan,No,No,Yes,Foundations of Software Development,10X Scholarship,2026-06-01,Mop Up May 2026,UCE,Open to work,2026,6
Female,Ugandan,No,No,Yes,Foundations of Software Development,10X Scholarship,2026-06-01,Mop Up May 2026,UCE,Open to work,2026,6
Female,Ugandan,No,No,Yes,Foundations of Software Development,10X Scholarship,2026-06-01,Mop Up May 2026,UACE,Open to work,2026,6
Female,Ugandan,No,No,Yes,Foundations of Software Development,10X Scholarship,2026-06-01,Mop Up May 2026,PLE,Open to work,2026,6
Female,Ugandan,No,No,Yes,Foundations of Software Development,10X Scholarship,2026-06-01,Mop Up May 2026,UACE,Open to work,2026,6
Female,Ugandan,No,Yes,Yes,Foundations of Software Development,10X Scholarship,2026-06-01,Mop Up May 2026,Diploma,Open to work,2026,6
Female,Ugandan,No,No,Yes,Foundations of Software Development,10X Scholarship,2026-06-01,Mop Up May 2026,UACE,Open to work,2026,6
Female,Ugandan,No,No,Yes,Foundations of Software Development,10X Scholarship,2026-06-01,Mop Up May 2026,UACE,Employed,2026,6
Female,Ugandan,No,No,Yes,Foundations of Software Development,10X Scholarship,2026-06-01,Mop Up May 2026,UCE,Open to work,2026,6
Female,Ugandan,No,No,Yes,Foundations of Software Development,10X Scholarship,2026-06-01,Mop Up May 2026,UACE,Open to work,2026,6
Female,Ugandan,No,No,Yes,Foundations of Software Development,10X Scholarship,2026-06-01,Mop Up May 2026,Diploma,Open to work,2026,6
Female,Ugandan,No,Yes,Yes,Foundations of Software Development,10X Scholarship,2026-06-01,Mop Up May 2026,UCE,Open to work,2026,6
Female,Ugandan,No,No,Yes,Foundations of Software Development,10X Scholarship,2026-06-01,Mop Up May 2026,UACE,Open to work,2026,6
Female,Ugandan,No,No,Yes,Foundations of Software Development,10X Scholarship,2026-06-01,Mop Up May 2026,UCE,Open to work,2026,6
Female,Ugandan,No,No,Yes,Foundations of Software Development,10X Scholarship,2026-06-01,Mop Up May 2026,UACE,Open to work,2026,6
Female,Ugandan,No,Yes,Yes,Foundations of Software Development,10X Scholarship,2026-06-01,Mop Up May 2026,UACE,Open to work,2026,6
Female,Ugandan,No,Yes,Yes,Foundations of Software Development,10X Scholarship,2026-06-01,Mop Up May 2026,Diploma,Employed,2026,6
Female,Ugandan,No,No,Yes,Foundations of Software Development,10X Scholarship,2026-06-01,Mop Up May 2026,UACE,Open to work,2026,6
Female,Ugandan,No,Yes,Yes,Foundations of Software Development,10X Scholarship,2026-06-01,Mop Up May 2026,UCE,Employed,2026,6
Female,Congolese,Yes,No,Yes,Foundations of Software Development,10X Scholarship,2026-06-01,Mop Up May 2026,Diploma,Open to work,2026,6
Female,Ugandan,No,No,Yes,Foundations of Software Development,10X Scholarship,2026-06-01,Mop Up May 2026,UCE,Open to work,2026,6
Female,Ugandan,No,No,Yes,Foundations of Software Development,10X Scholarship,2026-06-01,Mop Up May 2026,UACE,Open to work,2026,6
Female,Ugandan,No,No,Yes,Foundations of Software Development,10X Scholarship,2026-06-01,Mop Up May 2026,UCE,Open to work,2026,6
Female,Ugandan,No,No,Yes,Foundations of Software Development,10X Scholarship,2026-06-01,Mop Up May 2026,Unknown,Open to work,2026,6
Female,Ugandan,No,No,Yes,Foundations of Software Development,10X Scholarship,2026-06-01,Mop Up May 2026,Bachelor's Degree,Open to work,2026,6
Female,Congolese,Yes,No,Yes,Foundations of Software Development,10X Scholarship,2026-06-01,Mop Up May 2026,Diploma,Open to work,2026,6
Female,Ugandan,No,No,Yes,Foundations of Software Development,10X Scholarship,2026-06-01,Mop Up May 2026,UACE,Employed,2026,6
Female,Ugandan,No,No,Yes,Foundations of Software Development,10X Scholarship,2026-06-01,Mop Up May 2026,UACE,Open to work,2026,6
Female,Ugandan,No,No,Yes,Foundations of Software Development,10X Scholarship,2026-06-01,Mop Up May 2026,UCE,Open to work,2026,6
Female,Ugandan,No,No,Yes,Foundations of Software Development,10X Scholarship,2026-06-01,Mop Up May 2026,UCE,Employed,2026,6
Female,Ugandan,No,Yes,Yes,Foundations of Software Development,10X Scholarship,2026-06-01,Mop Up May 2026,Diploma,Employed,2026,6
Female,Ugandan,No,No,Yes,Foundations of Software Development,10X Scholarship,2026-06-01,Mop Up May 2026,UACE,Open to work,2026,6
Female,Ugandan,No,No,Yes,Foundations of Software Development,10X Scholarship,2026-06-01,Mop Up May 2026,UACE,Open to work,2026,6
Female,Ugandan,No,Yes,Yes,Foundations of Software Development,10X Scholarship,2026-06-01,Mop Up May 2026,UCE,Open to work,2026,6
Female,Ugandan,No,No,Yes,Foundations of Software Development,10X Scholarship,2026-06-01,Mop Up May 2026,Bachelor's Degree,Open to work,2026,6
Female,Congolese,Yes,No,Yes,Foundations of Software Development,10X Scholarship,2026-06-01,Mop Up May 2026,UACE,Open to work,2026,6
Female,Congolese,Yes,No,Yes,Foundations of Software Development,10X Scholarship,2026-06-01,Mop Up May 2026,UACE,Open to work,2026,6
Female,Congolese,Yes,No,Yes,Foundations of Software Development,10X Scholarship,2026-06-01,Mop Up May 2026,PLE,Open to work,2026,6
Female,Congolese,Yes,No,Yes,Foundations of Software Development,10X Scholarship,2026-06-01,Mop Up May 2026,PLE,Open to work,2026,6
Female,Congolese,Yes,No,Yes,Foundations of Software Development,10X Scholarship,2026-06-01,Mop Up May 2026,Diploma,Open to work,2026,6
Female,Rwandan,Yes,Yes,Yes,Foundations of Software Development,10X Scholarship,2026-06-01,Mop Up May 2026,UACE,Open to work,2026,6
Female,Congolese,Yes,No,Yes,Foundations of Software Development,10X Scholarship,2026-06-01,Mop Up May 2026,UACE,Open to work,2026,6
Female,Congolese,Yes,No,Yes,Foundations of Software Development,10X Scholarship,2026-06-01,Mop Up May 2026,UACE,Open to work,2026,6
Female,Burundian,Yes,No,Yes,Foundations of Software Development,10X Scholarship,2026-06-01,Mop Up May 2026,UACE,Employed,2026,6
Female,Congolese,Yes,No,Yes,Foundations of Software Development,10X Scholarship,2026-06-01,Mop Up May 2026,UACE,Open to work,2026,6
Female,Congolese,Yes,No,Yes,Foundations of Software Development,10X Scholarship,2026-06-01,Mop Up May 2026,PLE,Open to work,2026,6
Female,Congolese,Yes,No,Yes,Foundations of Software Development,10X Scholarship,2026-06-01,Mop Up May 2026,UACE,Open to work,2026,6
Female,Congolese,Yes,No,Yes,Foundations of Software Development,10X Scholarship,2026-06-01,Mop Up May 2026,UCE,Open to work,2026,6
Female,Congolese,Yes,No,Yes,Foundations of Software Development,10X Scholarship,2026-06-01,Mop Up May 2026,UCE,Open to work,2026,6
Female,Congolese,Yes,No,Yes,Foundations of Software Development,10X Scholarship,2026-06-01,Mop Up May 2026,UACE,Open to work,2026,6
Female,Burundian,Yes,No,Yes,Foundations of Software Development,10X Scholarship,2026-06-01,Mop Up May 2026,UCE,Open to work,2026,6
Female,Congolese,Yes,No,Yes,Foundations of Software Development,10X Scholarship,2026-06-01,Mop Up May 2026,UACE,Open to work,2026,6
Female,Algerian,Yes,No,Yes,Foundations of Software Development,10X Scholarship,2026-06-01,Mop Up May 2026,UACE,Open to work,2026,6
Female,Rwandan,Yes,No,Yes,Foundations of Software Development,10X Scholarship,2026-06-01,Mop Up May 2026,UACE,Open to work,2026,6
Female,Congolese,Yes,No,Yes,Foundations of Software Development,10X Scholarship,2026-06-01,Mop Up May 2026,UCE,Open to work,2026,6
Female,Burundian,Yes,Yes,Yes,Foundations of Software Development,10X Scholarship,2026-06-01,Mop Up May 2026,UCE,Open to work,2026,6
Female,Ugandan,No,No,Yes,Foundations of Software Development,10X Scholarship,2026-06-01,Mop Up May 2026,UACE,Open to work,2026,6
Female,Ugandan,No,No,Yes,Foundations of Software Development,10X Scholarship,2026-06-01,Mop Up May 2026,UACE,Open to work,2026,6
Female,Ugandan,No,No,Yes,Foundations of Software Development,10X Scholarship,2026-06-01,Mop Up May 2026,UACE,Open to work,2026,6
Female,Ugandan,No,No,Yes,Foundations of Software Development,10X Scholarship,2026-06-01,Mop Up May 2026,Diploma,Open to work,2026,6
Female,Ugandan,No,No,Yes,Foundations of Software Development,10X Scholarship,2026-06-01,Mop Up May 2026,UCE,Open to work,2026,6
Female,Ugandan,No,No,Yes,Foundations of Software Development,10X Scholarship,2026-06-01,Mop Up May 2026,Bachelor's Degree,Open to work,2026,6
Female,Ugandan,No,No,Yes,Foundations of Software Development,10X Scholarship,2026-06-01,Mop Up May 2026,UACE,Open to work,2026,6
Female,Ugandan,Yes,No,Yes,Foundations of Software Development,10X Scholarship,2026-06-01,Mop Up May 2026,UCE,Open to work,2026,6
Female,Ugandan,No,No,Yes,Foundations of Software Development,10X Scholarship,2026-06-01,Mop Up May 2026,Bachelor's Degree,Open to work,2026,6
Female,Ugandan,No,No,Yes,Foundations of Software Development,10X Scholarship,2026-06-01,Mop Up May 2026,UCE,Open to work,2026,6
Female,Ugandan,No,No,Yes,Foundations of Software Development,10X Scholarship,2026-06-01,Mop Up May 2026,Diploma,Open to work,2026,6
Female,Ugandan,No,No,Yes,Foundations of Software Development,10X Scholarship,2026-06-01,Mop Up May 2026,UCE,Open to work,2026,6
Female,Ugandan,No,No,Yes,Foundations of Software Development,10X Scholarship,2026-06-01,Mop Up May 2026,UCE,Open to work,2026,6
Female,Congolese,Yes,Yes,Yes,Foundations of Software Development,10X Scholarship,2026-06-01,Mop Up May 2026,UACE,Open to work,2026,6
Female,Ugandan,No,Yes,Yes,Foundations of Software Development,10X Scholarship,2026-06-01,Mop Up May 2026,UACE,Open to work,2026,6
Female,Ugandan,No,No,Yes,Foundations of Software Development,10X Scholarship,2026-06-01,Mop Up May 2026,UACE,Open to work,2026,6
Female,Ugandan,No,Yes,Yes,Foundations of Software Development,10X Scholarship,2026-06-01,Mop Up May 2026,Bachelor's Degree,Open to work,2026,6
Female,Ugandan,No,No,Yes,Foundations of Software Development,10X Scholarship,2026-06-01,Mop Up May 2026,UACE,Open to work,2026,6
Female,Ugandan,No,No,Yes,Foundations of Software Development,10X Scholarship,2026-06-01,Mop Up May 2026,Bachelor's Degree,Open to work,2026,6
Female,Ugandan,No,No,Yes,Foundations of Software Development,10X Scholarship,2026-06-01,Mop Up May 2026,Certificate,Open to work,2026,6
Female,Ugandan,No,Yes,Yes,Foundations of Software Development,10X Scholarship,2026-06-01,Mop Up May 2026,UACE,Open to work,2026,6
Female,Ugandan,No,No,Yes,Foundations of Software Development,10X Scholarship,2026-06-01,Mop Up May 2026,UCE,Open to work,2026,6
Female,Ugandan,No,Yes,Yes,Foundations of Software Development,10X Scholarship,2026-06-01,Mop Up May 2026,Bachelor's Degree,Open to work,2026,6
Female,Congolese,Yes,No,Yes,Foundations of Software Development,10X Scholarship,2026-06-01,Mop Up May 2026,UACE,Open to work,2026,6
Female,Ugandan,No,No,Yes,Foundations of Software Development,10X Scholarship,2026-06-01,Mop Up May 2026,Bachelor's Degree,Open to work,2026,6
Female,Ugandan,No,No,Yes,Foundations of Software Development,10X Scholarship,2026-06-01,Mop Up May 2026,Diploma,Open to work,2026,6
Female,Ugandan,No,No,Yes,Foundations of Software Development,10X Scholarship,2026-06-01,Mop Up May 2026,UACE,Open to work,2026,6
Female,Ugandan,No,Yes,Yes,Foundations of Software Development,10X Scholarship,2026-06-01,Mop Up May 2026,UCE,Open to work,2026,6
Female,Ugandan,No,Yes,Yes,Foundations of Software Development,10X Scholarship,2026-06-01,Mop Up May 2026,Diploma,Open to work,2026,6
Female,Ugandan,No,No,Yes,Foundations of Software Development,10X Scholarship,2026-06-01,Mop Up May 2026,Bachelor's Degree,Open to work,2026,6
Female,Ugandan,No,No,Yes,Foundations of Software Development,10X Scholarship,2026-06-01,Mop Up May 2026,UACE,Open to work,2026,6
Female,Ugandan,No,No,Yes,Foundations of Software Development,10X Scholarship,2026-06-01,Mop Up May 2026,UACE,Open to work,2026,6
Female,Ugandan,No,Yes,Yes,Foundations of Software Development,10X Scholarship,2026-06-01,Mop Up May 2026,UCE,Open to work,2026,6
Female,Ugandan,No,Yes,Yes,Foundations of Software Development,10X Scholarship,2026-06-01,Mop Up May 2026,Bachelor's Degree,Employed,2026,6
Female,Ugandan,No,No,Yes,AI/ML,10X Scholarship,2026-06-01,Febuary 2026,Bachelor's Degree,Employed,2026,6
Female,Ugandan,No,No,Yes,AI/ML,10X Scholarship,2026-06-01,Febuary 2026,Bachelor's Degree,Employed,2026,6
Female,Ugandan,No,No,Yes,AI/ML,10X Scholarship,2026-06-01,Febuary 2026,Diploma,Employed,2026,6
Female,Ugandan,No,No,Yes,AI/ML,10X Scholarship,2026-06-01,Febuary 2026,UCE,Open to work,2026,6
Female,Ugandan,No,No,Yes,AI/ML,10X Scholarship,2026-06-01,Febuary 2026,Bachelor's Degree,Open to work,2026,6
Female,Ugandan,No,No,Yes,AI/ML,10X Scholarship,2026-06-01,Febuary 2026,Bachelor's Degree,Open to work,2026,6
Female,Ugandan,No,No,Yes,AI/ML,10X Scholarship,2026-06-01,Febuary 2026,Bachelor's Degree,Open to work,2026,6
Female,Ugandan,No,No,Yes,AI/ML,10X Scholarship,2026-06-01,Febuary 2026,Bachelor's Degree,Open to work,2026,6
Female,Ugandan,No,No,Yes,AI/ML,10X Scholarship,2026-06-01,Febuary 2026,UCE,Employed,2026,6
Female,Ugandan,No,No,Yes,AI/ML,10X Scholarship,2026-06-01,Febuary 2026,Bachelor's Degree,Open to work,2026,6
Female,Ugandan,No,No,Yes,AI/ML,10X Scholarship,2026-06-01,Febuary 2026,Bachelor's Degree,Open to work,2026,6
Female,Ugandan,No,No,Yes,AI/ML,10X Scholarship,2026-06-01,Febuary 2026,UCE,Open to work,2026,6
Male,Ugandan,No,No,No,AI/ML,Self-sponsored,2026-06-01,Febuary 2026,Bachelor's Degree,Employed,2026,6
Female,Ugandan,No,No,Yes,AI/ML,Self-sponsored,2026-06-01,Febuary 2026,UACE,Open to work,2026,6
Female,Ugandan,No,No,Yes,AI/ML,10X Scholarship,2026-06-01,Febuary 2026,Bachelor's Degree,Employed,2026,6
Female,Ugandan,No,No,No,Data Engineering & Analytics,10X Scholarship,2026-06-01,Febuary 2026,Bachelor's Degree,Open to work,2026,6
Female,Ugandan,No,No,Yes,Data Engineering & Analytics,10X Scholarship,2026-06-01,Febuary 2026,UCE,Employed,2026,6
Female,Ugandan,No,No,Yes,Data Engineering & Analytics,10X Scholarship,2026-06-01,Febuary 2026,Bachelor's Degree,Open to work,2026,6
Female,Ugandan,No,No,Yes,Data Engineering & Analytics,10X Scholarship,2026-06-01,Febuary 2026,Diploma,Open to work,2026,6
Female,Ugandan,No,No,Yes,Data Engineering & Analytics,10X Scholarship,2026-06-01,Febuary 2026,UCE,Open to work,2026,6
Female,Ugandan,No,No,Yes,Data Engineering & Analytics,10X Scholarship,2026-06-01,Febuary 2026,Bachelor's Degree,Employed,2026,6
Female,Ugandan,No,No,Yes,Data Engineering & Analytics,10X Scholarship,2026-06-01,Febuary 2026,Bachelor's Degree,Open to work,2026,6
Female,Ugandan,No,No,Yes,Data Engineering & Analytics,10X Scholarship,2026-06-01,Febuary 2026,Bachelor's Degree,Open to work,2026,6
Female,Ugandan,No,No,Yes,Data Engineering & Analytics,10X Scholarship,2026-06-01,Febuary 2026,UCE,Open to work,2026,6
Female,Ugandan,No,No,Yes,Data Engineering & Analytics,10X Scholarship,2026-06-01,Febuary 2026,Bachelor's Degree,Employed,2026,6
Female,Ugandan,No,No,Yes,Data Engineering & Analytics,10X Scholarship,2026-06-01,Febuary 2026,Bachelor's Degree,Employed,2026,6
Female,Ugandan,No,No,Yes,Data Engineering & Analytics,10X Scholarship,2026-06-01,Febuary 2026,Bachelor's Degree,Open to work,2026,6
Female,Ugandan,No,No,Yes,Data Engineering & Analytics,10X Scholarship,2026-06-01,Febuary 2026,Bachelor's Degree,Open to work,2026,6
Female,Ugandan,No,No,Yes,Data Engineering & Analytics,10X Scholarship,2026-06-01,Febuary 2026,Bachelor's Degree,Open to work,2026,6
Female,Ugandan,No,No,Yes,Data Engineering & Analytics,10X Scholarship,2026-06-01,Febuary 2026,Bachelor's Degree,Open to work,2026,6
Female,Ugandan,No,No,Yes,Data Engineering & Analytics,10X Scholarship,2026-06-01,Febuary 2026,Bachelor's Degree,Employed,2026,6
Female,Somali,Yes,No,Yes,Data Engineering & Analytics,10X Scholarship,2026-06-01,Febuary 2026,Bachelor's Degree,Open to work,2026,6
Female,Ugandan,No,No,Yes,Data Engineering & Analytics,Self-sponsored,2026-06-01,Febuary 2026,Unknown,Open to work,2026,6
Male,Ugandan,No,No,Yes,Data Engineering & Analytics,Self-sponsored,2026-06-01,Febuary 2026,Bachelor's Degree,Employed,2026,6
Female,Ugandan,No,No,Yes,Data Engineering & Analytics,10X Scholarship,2026-06-01,Febuary 2026,Bachelor's Degree,Employed,2026,6
Female,Ugandan,No,No,Yes,Product Design (UX/UI),10X Scholarship,2026-06-01,Febuary 2026,Diploma,Open to work,2026,6
Female,South Sudanese,Yes,No,Yes,Product Design (UX/UI),10X Scholarship,2026-06-01,Febuary 2026,Diploma,Open to work,2026,6
Female,Ugandan,No,No,Yes,Product Design (UX/UI),10X Scholarship,2026-06-01,Febuary 2026,Bachelor's Degree,Employed,2026,6
Female,Ugandan,No,No,Yes,Product Design (UX/UI),10X Scholarship,2026-06-01,Febuary 2026,Bachelor's Degree,Open to work,2026,6
Female,Ugandan,No,No,Yes,Product Design (UX/UI),10X Scholarship,2026-06-01,Febuary 2026,Bachelor's Degree,Open to work,2026,6
Female,Ugandan,No,No,Yes,Product Design (UX/UI),10X Scholarship,2026-06-01,Febuary 2026,Bachelor's Degree,Open to work,2026,6
Female,Ugandan,No,No,Yes,Product Design (UX/UI),10X Scholarship,2026-06-01,Febuary 2026,Bachelor's Degree,Open to work,2026,6
Female,Ugandan,No,No,Yes,Product Management,10X Scholarship,2026-06-01,Febuary 2026,Diploma,Open to work,2026,6
Female,Ugandan,No,No,Yes,Product Management,10X Scholarship,2026-06-01,Febuary 2026,Bachelor's Degree,Open to work,2026,6
Female,Ugandan,No,No,Yes,Product Management,10X Scholarship,2026-06-01,Febuary 2026,Bachelor's Degree,Open to work,2026,6
Female,Ugandan,No,No,Yes,Product Management,10X Scholarship,2026-06-01,Febuary 2026,Bachelor's Degree,Open to work,2026,6
Female,Ugandan,No,No,Yes,Product Management,10X Scholarship,2026-06-01,Febuary 2026,UCE,Open to work,2026,6
Female,Ugandan,No,No,Yes,Product Management,10X Scholarship,2026-06-01,Febuary 2026,Diploma,Employed,2026,6
Female,Ugandan,No,No,Yes,Product Management,10X Scholarship,2026-06-01,Febuary 2026,Bachelor's Degree,Open to work,2026,6
Female,Ugandan,No,No,Yes,Product Management,10X Scholarship,2026-06-01,Febuary 2026,Bachelor's Degree,Employed,2026,6
Female,Ugandan,No,No,Yes,Product Management,10X Scholarship,2026-06-01,Febuary 2026,Bachelor's Degree,Open to work,2026,6
Female,Ugandan,No,No,Yes,Product Management,10X Scholarship,2026-06-01,Febuary 2026,Bachelor's Degree,Open to work,2026,6
Female,Ugandan,No,No,Yes,Cybersecurity,10X Scholarship,2026-06-01,Febuary 2026,Bachelor's Degree,Open to work,2026,6
Female,Somali,No,No,Yes,Cybersecurity,10X Scholarship,2026-06-01,Febuary 2026,Diploma,Open to work,2026,6
Female,Ugandan,No,No,Yes,Cybersecurity,10X Scholarship,2026-06-01,Febuary 2026,Bachelor's Degree,Open to work,2026,6
Female,Ugandan,No,No,Yes,Cybersecurity,10X Scholarship,2026-06-01,Febuary 2026,Unknown,Open to work,2026,6
Female,Ugandan,No,No,Yes,Cybersecurity,10X Scholarship,2026-06-01,Febuary 2026,Bachelor's Degree,Open to work,2026,6
Female,Ugandan,No,No,Yes,Cybersecurity,10X Scholarship,2026-06-01,Febuary 2026,Unknown,Open to work,2026,6
Female,South Sudanese,Yes,No,Yes,Cybersecurity,10X Scholarship,2026-06-01,Febuary 2026,Bachelor's Degree,Open to work,2026,6
Female,Ugandan,No,No,Yes,Cybersecurity,10X Scholarship,2026-06-01,Febuary 2026,Bachelor's Degree,Open to work,2026,6
Female,Ugandan,No,No,Yes,Cybersecurity,10X Scholarship,2026-06-01,Febuary 2026,UCE,Open to work,2026,6
Female,Somali,No,No,Yes,Cybersecurity,10X Scholarship,2026-06-01,Febuary 2026,Bachelor's Degree,Open to work,2026,6
Female,Ugandan,No,No,Yes,Cybersecurity,10X Scholarship,2026-06-01,Febuary 2026,UCE,Open to work,2026,6
Female,Congolese,No,No,Yes,Cybersecurity,10X Scholarship,2026-06-01,Febuary 2026,Diploma,Open to work,2026,6
Female,Ugandan,No,No,Yes,Cybersecurity,10X Scholarship,2026-06-01,Febuary 2026,Bachelor's Degree,Open to work,2026,6
Female,Ugandan,No,No,Yes,Cybersecurity,10X Scholarship,2026-06-01,Febuary 2026,Bachelor's Degree,Open to work,2026,6
Female,South Sudanese,Yes,No,Yes,Cybersecurity,10X Scholarship,2026-06-01,Febuary 2026,UCE,Open to work,2026,6
Female,Ugandan,No,No,Yes,Cybersecurity,10X Scholarship,2026-06-01,Febuary 2026,Diploma,Employed,2026,6
Female,Ugandan,No,No,Yes,Cloud Computing,10X Scholarship,2026-06-01,Febuary 2026,Diploma,Employed,2026,6
Female,Ugandan,No,No,Yes,Cloud Computing,10X Scholarship,2026-06-01,Febuary 2026,Bachelor's Degree,Open to work,2026,6
Female,Ugandan,No,No,Yes,Cloud Computing,10X Scholarship,2026-06-01,Febuary 2026,Bachelor's Degree,Employed,2026,6
Female,Ugandan,No,No,Yes,Cloud Computing,10X Scholarship,2026-06-01,Febuary 2026,Bachelor's Degree,Employed,2026,6
Female,South Sudanese,Yes,No,Yes,Cloud Computing,10X Scholarship,2026-06-01,Febuary 2026,Diploma,Open to work,2026,6
Female,Ugandan,No,No,Yes,Cloud Computing,10X Scholarship,2026-06-01,Febuary 2026,UCE,Open to work,2026,6
Female,Ugandan,No,No,Yes,Cloud Computing,10X Scholarship,2026-06-01,Febuary 2026,Bachelor's Degree,Open to work,2026,6
Female,Ugandan,No,No,Yes,Cloud Computing,10X Scholarship,2026-06-01,Febuary 2026,Bachelor's Degree,Employed,2026,6
Male,Ugandan,No,No,Yes,Cloud Computing,SNPL,2026-06-01,Febuary 2026,Bachelor's Degree,Employed,2026,6
Male,Congolese,Yes,No,Yes,Cloud Computing,SNPL,2026-06-01,Febuary 2026,Bachelor's Degree,Open to work,2026,6
Male,Ugandan,No,No,Yes,Cloud Computing,SNPL,2026-06-01,Febuary 2026,Bachelor's Degree,Open to work,2026,6
Male,Ugandan,No,No,Yes,Cloud Computing,SNPL,2026-06-01,Febuary 2026,Bachelor's Degree,Open to work,2026,6
Male,Ugandan,No,No,Yes,Cloud Computing,SNPL,2026-06-01,Febuary 2026,Diploma,Employed,2026,6
Male,Ugandan,No,No,Yes,Cloud Computing,SNPL,2026-06-01,Febuary 2026,UCE,Open to work,2026,6
Male,Ugandan,No,No,Yes,Cloud Computing,SNPL,2026-06-01,Febuary 2026,Bachelor's Degree,Employed,2026,6
Male,Ugandan,No,No,Yes,Cloud Computing,SNPL,2026-06-01,Febuary 2026,Bachelor's Degree,Employed,2026,6
Male,Ugandan,No,No,Yes,Cloud Computing,SNPL,2026-06-01,Febuary 2026,Bachelor's Degree,Employed,2026,6
Male,Ugandan,No,No,Yes,Cloud Computing,SNPL,2026-06-01,Febuary 2026,Bachelor's Degree,Employed,2026,6
Male,Ugandan,No,No,Yes,Cloud Computing,SNPL,2026-06-01,Febuary 2026,UACE,Employed,2026,6
Male,Ugandan,No,No,No,Cloud Computing,SNPL,2026-06-01,Febuary 2026,Master's Degree,Employed,2026,6
Male,Ugandan,No,No,Yes,Cloud Computing,SNPL,2026-06-01,Febuary 2026,Bachelor's Degree,Employed,2026,6
Male,Ugandan,No,No,Yes,Cloud Computing,SNPL,2026-06-01,Febuary 2026,Bachelor's Degree,Open to work,2026,6
Female,Ugandan,No,No,Yes,Foundations of Software Development,10X Scholarship,2026-06-01,Febuary 2026,Bachelor's Degree,Open to work,2026,6
Male,Sudanese,Yes,No,Yes,Foundations of Software Development,Self-sponsored,2026-06-01,Febuary 2026,UACE,Open to work,2026,6
Female,Ugandan,No,No,Yes,Foundations of Software Development,10X Scholarship,2026-06-01,Febuary 2026,Unknown,Open to work,2026,6
Female,Ugandan,No,No,Yes,CSE - Python,10X Scholarship,2026-06-01,January 2026,Master's Degree,Open to work,2026,6
Male,Ugandan,No,No,Yes,CSE - Python,Self-sponsored,2026-06-01,January 2026,Certificate,Open to work,2026,6
Female,Ugandan,No,No,Yes,CSE - Python,10X Scholarship,2026-06-01,January 2026,Bachelor's Degree,Open to work,2026,6
Female,Ugandan,No,No,Yes,CSE - Python,10X Scholarship,2026-06-01,January 2026,Diploma,Open to work,2026,6
Female,Ugandan,No,No,Yes,CSE - Python,10X Scholarship,2026-06-01,January 2026,UCE,Open to work,2026,6
Male,Ugandan,No,No,Yes,CSE - Python,Self-sponsored,2026-06-01,January 2026,UACE,Open to work,2026,6
Male,Ugandan,No,No,Yes,CSE - Python,Self-sponsored,2026-06-01,January 2026,Bachelor's Degree,Employed,2026,6
Male,Ugandan,No,No,Yes,CSE - Python,Self-sponsored,2026-06-01,January 2026,UCE,Open to work,2026,6
Female,Ugandan,No,No,Yes,CSE - Python,10X Scholarship,2026-06-01,January 2026,UCE,Open to work,2026,6
Female,Ugandan,No,No,Yes,CSE - Python,10X Scholarship,2026-06-01,January 2026,UCE,Open to work,2026,6
Female,Ugandan,No,No,Yes,CSE - Python,10X Scholarship,2026-06-01,January 2026,Bachelor's Degree,Employed,2026,6
Female,Ugandan,No,No,Yes,CSE - Javascript,10X Scholarship,2026-06-01,January 2026,UCE,Open to work,2026,6
Female,Ugandan,No,No,Yes,CSE - Javascript,10X Scholarship,2026-06-01,January 2026,UCE,Open to work,2026,6
Female,Ugandan,No,No,Yes,CSE - Javascript,10X Scholarship,2026-06-01,January 2026,Bachelor's Degree,Open to work,2026,6
Female,Ugandan,No,No,Yes,CSE - Javascript,10X Scholarship,2026-06-01,January 2026,Bachelor's Degree,Open to work,2026,6
Male,South Sudanese,Yes,No,Yes,CSE - Javascript,Self-sponsored,2026-06-01,January 2026,Certificate,Open to work,2026,6
Male,Ugandan,No,No,Yes,CSE - Javascript,Self-sponsored,2026-06-01,January 2026,UACE,Open to work,2026,6
Female,Ugandan,No,No,Yes,CSE - Python,10X Scholarship,2026-06-01,March 2026,UCE,Open to work,2026,6
Female,Ugandan,No,No,Yes,CSE - Python,10X Scholarship,2026-06-01,March 2026,UCE,Open to work,2026,6
Female,Ugandan,No,No,Yes,CSE - Python,Self-sponsored,2026-06-01,March 2026,UACE,Open to work,2026,6
Female,Ugandan,No,No,Yes,CSE - Python,10X Scholarship,2026-06-01,March 2026,UCE,Open to work,2026,6
Female,Ugandan,No,No,Yes,CSE - Python,10X Scholarship,2026-06-01,March 2026,UCE,Open to work,2026,6
Female,Ugandan,No,No,Yes,CSE - Python,10X Scholarship,2026-06-01,March 2026,UACE,Open to work,2026,6
Female,Ugandan,No,No,Yes,CSE - Python,10X Scholarship,2026-06-01,March 2026,Diploma,Employed,2026,6
Female,Ugandan,No,No,Yes,CSE - Python,10X Scholarship,2026-06-01,March 2026,Diploma,Open to work,2026,6
Male,Congolese,Yes,No,Yes,CSE - Python,Self-sponsored,2026-06-01,March 2026,UACE,Employed,2026,6
Female,Ugandan,No,No,Yes,CSE - Python,10X Scholarship,2026-06-01,March 2026,UCE,Open to work,2026,6
Female,Ugandan,No,No,Yes,CSE - Python,10X Scholarship,2026-06-01,March 2026,UCE,Open to work,2026,6
Female,Ugandan,No,Yes,Yes,CSE - Python,10X Scholarship,2026-06-01,March 2026,UCE,Open to work,2026,6
Female,Ugandan,No,No,Yes,CSE - Python,10X Scholarship,2026-06-01,March 2026,Bachelor's Degree,Open to work,2026,6
Female,Ugandan,No,No,Yes,CSE - Python,10X Scholarship,2026-06-01,March 2026,UACE,Open to work,2026,6
Female,South Sudanese,Yes,No,Yes,CSE - Python,10X Scholarship,2026-06-01,March 2026,UCE,Open to work,2026,6
Female,Ugandan,No,No,Yes,CSE - Python,10X Scholarship,2026-06-01,March 2026,UCE,Open to work,2026,6
Female,Ugandan,No,Yes,Yes,CSE - Python,10X Scholarship,2026-06-01,March 2026,UCE,Open to work,2026,6
Female,Ugandan,No,No,Yes,CSE - Python,10X Scholarship,2026-06-01,March 2026,UCE,Open to work,2026,6
Female,Ugandan,No,No,Yes,CSE - Python,10X Scholarship,2026-06-01,March 2026,UACE,Open to work,2026,6
Female,Ugandan,No,No,Yes,CSE - Python,10X Scholarship,2026-06-01,March 2026,UCE,Open to work,2026,6
Female,Ugandan,No,No,Yes,CSE - Python,10X Scholarship,2026-06-01,March 2026,Diploma,Open to work,2026,6
Female,Ugandan,No,No,Yes,CSE - Python,10X Scholarship,2026-06-01,March 2026,UCE,Open to work,2026,6
Female,Ugandan,No,No,Yes,CSE - Python,10X Scholarship,2026-06-01,March 2026,UCE,Open to work,2026,6
Female,Ugandan,No,No,Yes,CSE - Python,10X Scholarship,2026-06-01,March 2026,UCE,Open to work,2026,6
Female,Ugandan,No,No,Yes,CSE - Python,10X Scholarship,2026-06-01,March 2026,UCE,Open to work,2026,6
Female,Ugandan,No,No,Yes,CSE - Python,10X Scholarship,2026-06-01,March 2026,UCE,Open to work,2026,6
Female,Kenyan,No,Yes,Yes,CSE - Python,10X Scholarship,2026-06-01,March 2026,UACE,Open to work,2026,6
Female,Ugandan,No,No,Yes,CSE - Python,10X Scholarship,2026-06-01,March 2026,UCE,Open to work,2026,6
Female,Ugandan,No,No,Yes,CSE - Python,10X Scholarship,2026-06-01,March 2026,UCE,Open to work,2026,6
Female,Ugandan,No,No,Yes,CSE - Python,10X Scholarship,2026-06-01,March 2026,UCE,Open to work,2026,6
Female,Ugandan,No,No,Yes,CSE - Python,10X Scholarship,2026-06-01,March 2026,UACE,Open to work,2026,6
Female,Ugandan,No,No,Yes,CSE - Python,10X Scholarship,2026-06-01,March 2026,UACE,Open to work,2026,6
Female,Ugandan,No,No,Yes,CSE - Python,10X Scholarship,2026-06-01,March 2026,UCE,Open to work,2026,6
Female,South Sudanese,Yes,No,Yes,CSE - Javascript,10X Scholarship,2026-06-01,March 2026,UCE,Open to work,2026,6
Female,Ugandan,No,No,Yes,CSE - Javascript,Self-sponsored,2026-06-01,March 2026,Unknown,Open to work,2026,6
Female,Rwandan,Yes,No,Yes,CSE - Javascript,10X Scholarship,2026-06-01,March 2026,UCE,Open to work,2026,6
Female,Ugandan,No,No,Yes,CSE - Javascript,10X Scholarship,2026-06-01,March 2026,Diploma,Open to work,2026,6
Female,Ugandan,No,No,Yes,CSE - Javascript,10X Scholarship,2026-06-01,March 2026,UCE,Open to work,2026,6
Female,Ugandan,No,No,Yes,CSE - Javascript,10X Scholarship,2026-06-01,March 2026,UACE,Open to work,2026,6
Female,Sudanese,Yes,No,Yes,CSE - Javascript,10X Scholarship,2026-06-01,March 2026,UACE,Open to work,2026,6
Female,Ugandan,No,No,Yes,CSE - Javascript,10X Scholarship,2026-06-01,March 2026,Diploma,Open to work,2026,6
Female,Ugandan,No,No,Yes,CSE - Javascript,10X Scholarship,2026-06-01,March 2026,UCE,Open to work,2026,6
Female,Ugandan,No,No,Yes,CSE - Javascript,10X Scholarship,2026-06-01,March 2026,UCE,Open to work,2026,6
Female,Ugandan,No,No,Yes,CSE - Javascript,10X Scholarship,2026-06-01,March 2026,UCE,Open to work,2026,6
Female,Ugandan,No,No,Yes,CSE - Javascript,10X Scholarship,2026-06-01,March 2026,UCE,Open to work,2026,6
Female,Ugandan,No,No,Yes,CSE - Javascript,10X Scholarship,2026-06-01,March 2026,Diploma,Open to work,2026,6
Female,Ugandan,No,No,Yes,CSE - Javascript,10X Scholarship,2026-06-01,March 2026,Bachelor's Degree,Open to work,2026,6
Female,Ugandan,No,No,Yes,CSE - Javascript,10X Scholarship,2026-06-01,March 2026,UCE,Open to work,2026,6
Female,Ugandan,No,No,Yes,CSE - Javascript,10X Scholarship,2026-06-01,March 2026,UCE,Open to work,2026,6
Female,Ugandan,No,No,Yes,CSE - Javascript,10X Scholarship,2026-06-01,March 2026,Diploma,Open to work,2026,6
Female,Ugandan,No,No,Yes,CSE - Javascript,10X Scholarship,2026-06-01,March 2026,UCE,Open to work,2026,6
Female,Ugandan,No,No,Yes,CSE - Javascript,10X Scholarship,2026-06-01,March 2026,UCE,Open to work,2026,6
Male,Ugandan,No,No,Yes,CSE - Javascript,Self-sponsored,2026-06-01,March 2026,Unknown,Open to work,2026,6
Female,Ugandan,No,No,Yes,CSE - Javascript,10X Scholarship,2026-06-01,March 2026,UCE,Open to work,2026,6
Female,Ugandan,No,No,Yes,CSE - Javascript,10X Scholarship,2026-06-01,March 2026,UCE,Open to work,2026,6
Male,Ugandan,No,No,Yes,CSE - Javascript,Self-sponsored,2026-06-01,March 2026,Certificate,Employed,2026,6
Male,Ugandan,No,No,Yes,CSE - Javascript,Self-sponsored,2026-06-01,March 2026,Diploma,Open to work,2026,6
Male,Ugandan,No,No,Yes,CSE - Javascript,Self-sponsored,2026-06-01,March 2026,UACE,Open to work,2026,6
Female,Ugandan,No,No,Yes,Foundations of Software Development,10X Scholarship,2026-06-01,May 2026,UCE,Open to work,2026,6
Female,Ugandan,No,No,Yes,Foundations of Software Development,10X Scholarship,2026-06-01,May 2026,UCE,Open to work,2026,6
Female,Ugandan,No,No,Yes,Foundations of Software Development,10X Scholarship,2026-06-01,May 2026,UCE,Open to work,2026,6
Female,Ugandan,No,No,Yes,Foundations of Software Development,10X Scholarship,2026-06-01,May 2026,Bachelor's Degree,Open to work,2026,6
Female,Ugandan,No,No,Yes,Foundations of Software Development,10X Scholarship,2026-06-01,May 2026,UCE,Open to work,2026,6
Female,Ugandan,No,No,Yes,Foundations of Software Development,10X Scholarship,2026-06-01,May 2026,UCE,Open to work,2026,6
Male,Ugandan,No,No,Yes,Foundations of Software Development,Self-sponsored,2026-06-01,May 2026,Unknown,Employed,2026,6
Female,Ugandan,No,No,Yes,Foundations of Software Development,10X Scholarship,2026-06-01,May 2026,UCE,Open to work,2026,6
Male,Ugandan,No,Yes,Yes,Foundations of Software Development,Self-sponsored,2026-06-01,May 2026,Unknown,Open to work,2026,6
Female,Ugandan,No,No,Yes,Foundations of Software Development,10X Scholarship,2026-06-01,May 2026,UCE,Open to work,2026,6
Female,Ugandan,No,No,Yes,Foundations of Software Development,10X Scholarship,2026-06-01,May 2026,UACE,Open to work,2026,6
Female,Ugandan,No,No,Yes,Foundations of Software Development,10X Scholarship,2026-06-01,May 2026,UCE,Open to work,2026,6
Female,Ugandan,No,Yes,Yes,Foundations of Software Development,10X Scholarship,2026-06-01,May 2026,UACE,Open to work,2026,6
Female,Ugandan,No,No,Yes,Foundations of Software Development,10X Scholarship,2026-06-01,May 2026,UCE,Employed,2026,6
Male,Ugandan,No,No,Yes,Foundations of Software Development,Self-sponsored,2026-06-01,May 2026,PLE,Employed,2026,6
Female,Congolese,Yes,No,Yes,Foundations of Software Development,10X Scholarship,2026-06-01,May 2026,UCE,Open to work,2026,6
Female,Ugandan,No,No,Yes,Foundations of Software Development,10X Scholarship,2026-06-01,May 2026,Diploma,Open to work,2026,6
Female,Ugandan,No,No,Yes,Foundations of Software Development,10X Scholarship,2026-06-01,May 2026,Bachelor's Degree,Open to work,2026,6
Female,Ugandan,No,No,Yes,Foundations of Software Development,10X Scholarship,2026-06-01,May 2026,Bachelor's Degree,Open to work,2026,6
Female,South Sudanese,Yes,No,Yes,Foundations of Software Development,10X Scholarship,2026-06-01,May 2026,UCE,Open to work,2026,6
Female,Ugandan,No,No,Yes,Foundations of Software Development,10X Scholarship,2026-06-01,May 2026,Bachelor's Degree,Open to work,2026,6
Female,Ugandan,No,No,Yes,Foundations of Software Development,10X Scholarship,2026-06-01,May 2026,UCE,Open to work,2026,6
Female,Ugandan,No,No,Yes,Foundations of Software Development,10X Scholarship,2026-06-01,May 2026,UCE,Open to work,2026,6
Female,Sudanese,Yes,No,Yes,Foundations of Software Development,10X Scholarship,2026-06-01,May 2026,UCE,Open to work,2026,6
Female,Ugandan,No,No,Yes,Foundations of Software Development,10X Scholarship,2026-06-01,May 2026,PLE,Open to work,2026,6
Female,Somali,Yes,No,Yes,Foundations of Software Development,10X Scholarship,2026-06-01,May 2026,UCE,Open to work,2026,6
Female,Ugandan,No,No,Yes,Foundations of Software Development,10X Scholarship,2026-06-01,May 2026,Diploma,Open to work,2026,6
Female,Ugandan,No,No,Yes,Foundations of Software Development,10X Scholarship,2026-06-01,May 2026,Unknown,Open to work,2026,6
Female,Ugandan,No,No,No,Foundations of Software Development,10X Scholarship,2026-06-01,May 2026,Bachelor's Degree,Open to work,2026,6
Female,Ugandan,No,No,No,Foundations of Software Development,10X Scholarship,2026-06-01,May 2026,UACE,Employed,2026,6
Female,Ugandan,No,No,Yes,Foundations of Software Development,10X Scholarship,2026-06-01,May 2026,UACE,Open to work,2026,6
Female,Ugandan,No,No,Yes,Foundations of Software Development,10X Scholarship,2026-06-01,May 2026,UCE,Open to work,2026,6
Female,Ugandan,No,No,Yes,Foundations of Software Development,10X Scholarship,2026-06-01,May 2026,Bachelor's Degree,Open to work,2026,6
Female,Ugandan,No,No,Yes,Foundations of Software Development,10X Scholarship,2026-06-01,May 2026,Bachelor's Degree,Open to work,2026,6
Female,Ugandan,No,No,Yes,Foundations of Software Development,10X Scholarship,2026-06-01,May 2026,UCE,Open to work,2026,6
Female,Ugandan,No,No,Yes,Foundations of Software Development,10X Scholarship,2026-06-01,May 2026,UCE,Open to work,2026,6
Female,Ugandan,No,No,Yes,Foundations of Software Development,10X Scholarship,2026-06-01,May 2026,UCE,Open to work,2026,6
Male,Ugandan,No,No,Yes,Foundations of Software Development,Self-sponsored,2026-06-01,May 2026,Unknown,Employed,2026,6
Male,Ugandan,No,No,Yes,Foundations of Software Development,Self-sponsored,2026-06-01,May 2026,UACE,Open to work,2026,6
Female,Ugandan,No,No,Yes,Foundations of Software Development,10X Scholarship,2026-06-01,May 2026,UACE,Open to work,2026,6
Female,Ugandan,No,No,Yes,Foundations of Software Development,10X Scholarship,2026-06-01,May 2026,Diploma,Open to work,2026,6
Male,Ugandan,No,No,Yes,Foundations of Software Development,Self-sponsored,2026-06-01,May 2026,Unknown,Open to work,2026,6
Female,Ugandan,No,No,Yes,Foundations of Software Development,10X Scholarship,2026-06-01,May 2026,UCE,Open to work,2026,6
Male,Ugandan,No,No,Yes,Foundations of Software Development,Self-sponsored,2026-06-01,May 2026,Unknown,Open to work,2026,6
Male,Ugandan,No,No,Yes,Foundations of Software Development,Self-sponsored,2026-06-01,May 2026,Unknown,Employed,2026,6
Female,Ugandan,No,No,Yes,Foundations of Software Development,10X Scholarship,2026-06-01,May 2026,UCE,Open to work,2026,6
Female,Ugandan,No,No,Yes,Foundations of Software Development,10X Scholarship,2026-06-01,May 2026,Diploma,Employed,2026,6
Female,Ugandan,No,No,Yes,Foundations of Software Development,10X Scholarship,2026-06-01,May 2026,Diploma,Employed,2026,6
Female,Ugandan,No,No,Yes,Foundations of Software Development,10X Scholarship,2026-06-01,May 2026,UACE,Open to work,2026,6
Female,Ugandan,No,No,Yes,Foundations of Software Development,10X Scholarship,2026-06-01,May 2026,Bachelor's Degree,Open to work,2026,6
Female,Ugandan,No,No,Yes,Foundations of Software Development,10X Scholarship,2026-06-01,May 2026,UCE,Open to work,2026,6
Female,Ugandan,No,No,Yes,Foundations of Software Development,10X Scholarship,2026-06-01,May 2026,UCE,Open to work,2026,6
Female,Ugandan,No,No,Yes,Foundations of Software Development,10X Scholarship,2026-06-01,May 2026,Bachelor's Degree,Open to work,2026,6
Female,Ugandan,No,No,Yes,Foundations of Software Development,10X Scholarship,2026-06-01,May 2026,UCE,Open to work,2026,6
Female,Ugandan,No,No,Yes,Foundations of Software Development,10X Scholarship,2026-06-01,May 2026,UCE,Open to work,2026,6
Female,Ugandan,No,No,Yes,Foundations of Software Development,10X Scholarship,2026-06-01,May 2026,UCE,Open to work,2026,6
Female,Ugandan,No,No,Yes,Foundations of Software Development,10X Scholarship,2026-06-01,May 2026,UCE,Open to work,2026,6
Female,Ugandan,No,No,Yes,Foundations of Software Development,10X Scholarship,2026-06-01,May 2026,Diploma,Open to work,2026,6
Male,Ugandan,No,No,Yes,Foundations of Software Development,Self-sponsored,2026-06-01,May 2026,Unknown,Open to work,2026,6
Female,Ugandan,No,No,Yes,Foundations of Software Development,10X Scholarship,2026-06-01,May 2026,UACE,Open to work,2026,6
Female,Ugandan,No,No,Yes,Foundations of Software Development,10X Scholarship,2026-06-01,May 2026,UCE,Open to work,2026,6
Female,Ugandan,No,No,Yes,Foundations of Software Development,10X Scholarship,2026-06-01,May 2026,Diploma,Open to work,2026,6
Female,Ugandan,No,No,Yes,Foundations of Software Development,10X Scholarship,2026-06-01,May 2026,UCE,Open to work,2026,6
Female,Ugandan,No,No,Yes,Foundations of Software Development,10X Scholarship,2026-06-01,May 2026,UCE,Open to work,2026,6
Female,Ugandan,No,No,Yes,Foundations of Software Development,10X Scholarship,2026-06-01,May 2026,Diploma,Open to work,2026,6
Female,Ugandan,No,No,Yes,Foundations of Software Development,10X Scholarship,2026-06-01,May 2026,UCE,Open to work,2026,6
Female,Ugandan,No,No,Yes,Foundations of Software Development,10X Scholarship,2026-06-01,May 2026,UCE,Open to work,2026,6
Female,Ugandan,No,No,Yes,Foundations of Software Development,10X Scholarship,2026-06-01,May 2026,UCE,Open to work,2026,6
Female,Ugandan,No,No,Yes,Foundations of Software Development,10X Scholarship,2026-06-01,May 2026,PLE,Open to work,2026,6
Female,Ugandan,No,No,Yes,Foundations of Software Development,10X Scholarship,2026-06-01,May 2026,UCE,Open to work,2026,6
Female,Ugandan,No,No,Yes,Foundations of Software Development,10X Scholarship,2026-06-01,May 2026,UCE,Open to work,2026,6
Female,Ugandan,No,No,Yes,Foundations of Software Development,10X Scholarship,2026-06-01,May 2026,Bachelor's Degree,Open to work,2026,6
Female,Ugandan,No,No,Yes,Foundations of Software Development,10X Scholarship,2026-06-01,May 2026,UCE,Open to work,2026,6
Female,Ugandan,No,No,Yes,Foundations of Software Development,10X Scholarship,2026-06-01,May 2026,UCE,Open to work,2026,6
Female,Ugandan,No,Yes,Yes,Foundations of Software Development,10X Scholarship,2026-06-01,May 2026,UCE,Open to work,2026,6
Female,Ugandan,No,No,Yes,Foundations of Software Development,10X Scholarship,2026-06-01,May 2026,Diploma,Open to work,2026,6
Male,Ugandan,No,No,Yes,Foundations of Software Development,Self-sponsored,2026-06-01,May 2026,Unknown,Open to work,2026,6
Female,Ugandan,No,No,Yes,Foundations of Software Development,10X Scholarship,2026-06-01,May 2026,UCE,Open to work,2026,6
Female,Ugandan,No,No,Yes,Foundations of Software Development,10X Scholarship,2026-06-01,May 2026,Bachelor's Degree,Open to work,2026,6
Female,Ugandan,No,No,Yes,Foundations of Software Development,10X Scholarship,2026-06-01,May 2026,UACE,Open to work,2026,6
Female,Ugandan,No,No,Yes,Foundations of Software Development,10X Scholarship,2026-06-01,May 2026,UCE,Open to work,2026,6
Female,Ugandan,No,No,Yes,Foundations of Software Development,10X Scholarship,2026-06-01,May 2026,Bachelor's Degree,Open to work,2026,6
Female,Ugandan,No,No,Yes,Foundations of Software Development,10X Scholarship,2026-06-01,May 2026,UCE,Open to work,2026,6
Female,Ugandan,No,No,Yes,Foundations of Software Development,10X Scholarship,2026-06-01,May 2026,Diploma,Open to work,2026,6
Female,Ugandan,No,No,Yes,Foundations of Software Development,10X Scholarship,2026-06-01,May 2026,UCE,Employed,2026,6
Female,Ugandan,No,No,Yes,Foundations of Software Development,10X Scholarship,2026-06-01,May 2026,UCE,Open to work,2026,6
Female,Ugandan,No,No,Yes,Foundations of Software Development,10X Scholarship,2026-06-01,May 2026,UCE,Open to work,2026,6
Female,Ugandan,No,No,Yes,Foundations of Software Development,10X Scholarship,2026-06-01,May 2026,UCE,Open to work,2026,6
Female,Ugandan,No,No,Yes,Foundations of Software Development,10X Scholarship,2026-06-01,May 2026,UCE,Open to work,2026,6
Female,Ugandan,No,No,Yes,Foundations of Software Development,10X Scholarship,2026-06-01,May 2026,UCE,Open to work,2026,6
Female,Ugandan,No,No,Yes,Foundations of Software Development,10X Scholarship,2026-06-01,May 2026,UCE,Open to work,2026,6
Female,Ugandan,No,No,Yes,Foundations of Software Development,10X Scholarship,2026-06-01,May 2026,Diploma,Open to work,2026,6
Female,Ugandan,No,Yes,Yes,Foundations of Software Development,10X Scholarship,2026-06-01,May 2026,Bachelor's Degree,Open to work,2026,6
Female,Ugandan,No,No,Yes,Foundations of Software Development,10X Scholarship,2026-06-01,May 2026,Bachelor's Degree,Open to work,2026,6
Female,Ugandan,No,No,Yes,Foundations of Software Development,10X Scholarship,2026-06-01,May 2026,Diploma,Open to work,2026,6
Female,Ugandan,No,No,Yes,Foundations of Software Development,10X Scholarship,2026-06-01,May 2026,UCE,Open to work,2026,6
Female,Ugandan,No,No,Yes,Foundations of Software Development,10X Scholarship,2026-06-01,May 2026,UCE,Open to work,2026,6
Female,Ugandan,No,No,Yes,Foundations of Software Development,10X Scholarship,2026-06-01,May 2026,UCE,Open to work,2026,6
Female,Ugandan,No,No,Yes,Foundations of Software Development,10X Scholarship,2026-06-01,May 2026,UCE,Open to work,2026,6
Female,Ugandan,No,No,Yes,Foundations of Software Development,10X Scholarship,2026-06-01,May 2026,UCE,Open to work,2026,6
Female,Ugandan,No,No,Yes,Foundations of Software Development,10X Scholarship,2026-06-01,May 2026,Diploma,Open to work,2026,6
Male,Ugandan,No,Yes,Yes,Foundations of Software Development,Self-sponsored,2026-06-01,May 2026,Unknown,Open to work,2026,6
Female,Ugandan,No,No,Yes,Foundations of Software Development,10X Scholarship,2026-06-01,May 2026,UCE,Open to work,2026,6
Female,Ugandan,No,No,Yes,Foundations of Software Development,10X Scholarship,2026-06-01,May 2026,PLE,Open to work,2026,6
Male,Ugandan,No,No,Yes,Foundations of Software Development,10X Scholarship,2026-06-01,May 2026,Diploma,Open to work,2026,6
